Ticker,Nav Ticker,Category,3m Z,6m Z,1y Z,Price,PriceΔ,NAV,NAV%Δ,NAVΔ,Premium/Discount,52W NAV Avg,52W NAV Low,52W NAV High,Current Yield,Distribution Amount,Distribution Frequency,Fiscal Year End
ACP,XACPX,Fixed Income - Taxable-Senior Loans,-2.89,-3.46,-2.42,5.62,-0.05,6.47,-0.31,-0.02,-13.14,-0.76,-13.14,16.28,21.35%,$0.1000,Monthly,October 31
ACV,XACVX,Hybrid-U.S. Allocation,-0.78,-0.65,-0.79,16.95,-0.05,18.29,-0.71,-0.13,-7.33,-4.18,-9.07,10.50,12.74%,$0.1800,Monthly,January 31
ADX,XADXX,Equity-U.S. Equity,-2.47,-0.33,-0.12,15.85,-0.12,18.75,-0.16,-0.03,-15.47,-15.37,-16.64,-13.60,1.26%,$0.0500,Quarterly,December 31
AEF,XAEFX,Equity-Emerging Market Equity,-1.81,-2.51,-2.22,4.42,-0.01,5.31,0.0,0.0,-16.76,-13.58,-16.98,-9.09,9.05%,$0.1000,Quarterly,December 31
AFB,XAFBX,Fixed Income - Municipal-Municipal,-1.39,-1.75,-1.94,9.04,-0.01,10.87,-0.09,-0.01,-16.84,-13.79,-17.35,-8.89,4.34%,$0.0327,Monthly,October 31
AFT,XAFTX,Fixed Income - Taxable-Senior Loans,-2.54,-1.20,-1.26,12.64,0.0,14.84,0.07,0.01,-14.84,-12.81,-15.26,-7.84,12.82%,$0.1350,Monthly,December 31
AGD,XAGDX,Equity-Global Equity,-1.19,-1.62,-1.58,8.23,0.03,9.74,-0.81,-0.08,-15.50,-13.10,-16.50,-8.96,9.48%,$0.0650,Monthly,October 31
AIF,XAIFX,Fixed Income - Taxable-High Yield,-1.72,-0.60,-0.54,12.54,0.02,14.42,0.14,0.02,-13.04,-12.18,-15.39,-7.90,11.96%,$0.1250,Monthly,December 31
AIO,XAIOX,Equity-Sector Equity,-2.10,-2.10,-1.38,15.13,-0.03,17.79,-4.25,-0.79,-14.95,-11.00,-15.56,-5.05,11.90%,$0.1500,Monthly,February 28
AOD,XAODX,Equity-Global Equity,-2.25,-2.98,-2.95,7.03,0.01,8.39,-0.94,-0.08,-16.21,-13.53,-17.12,-10.99,9.82%,$0.0575,Monthly,October 31
ARDC,XARDCX,Fixed Income - Taxable-Senior Loans,-3.01,-1.46,-1.33,11.93,0.05,13.78,0.0,0.0,-13.43,-11.27,-14.78,-8.04,11.82%,$0.1175,Monthly,October 31
ASG,XASGX,Equity-U.S. Equity,-2.42,-2.66,-2.92,4.48,-0.02,4.88,-0.61,-0.03,-8.20,-4.34,-8.35,0.74,9.82%,$0.1100,Quarterly,December 31
ASGI,XASGIX,Fixed Income - Taxable-Global Income,-2.25,-2.26,-2.48,15.02,-0.1,18.23,-0.82,-0.15,-17.61,-15.29,-17.74,-13.50,9.59%,$0.1200,Monthly,September 30
AVK,XAVKX,Fixed Income - Taxable-Convertibles,-1.97,-2.62,-2.85,9.27,-0.06,10.81,-0.46,-0.05,-14.25,-7.07,-14.25,-1.51,15.17%,$0.1172,Monthly,October 31
AWF,XAWFX,Fixed Income - Taxable-High Yield,-1.96,-1.89,-1.72,9.3,0.07,10.29,0.1,0.01,-9.62,-7.38,-11.19,-4.39,8.45%,$0.0655,Monthly,March 31
AWP,XAWPX,Equity-Real Estate,-2.35,-1.37,-1.64,3.15,-0.03,3.48,-1.42,-0.05,-9.48,-6.10,-10.29,-0.25,15.24%,$0.0400,Monthly,October 31
BBN,XBBNX,Fixed Income - Taxable-Taxable Muni,-1.04,-0.99,-1.27,14.615,0.04,16.07,-0.06,-0.01,-9.05,-4.16,-10.60,7.39,7.63%,$0.0929,Monthly,July 31
BCAT,XBCATX,Hybrid-U.S. Allocation,-1.46,-1.98,-0.52,13.71,-0.08,16.04,-0.19,-0.03,-14.53,-13.58,-18.44,-10.45,11.16%,$0.1275,Monthly,December 31
BCV,XBCVX,Fixed Income - Taxable-Convertibles,-1.45,-1.28,-1.49,14.19,0.01,16.91,-1.4,-0.24,-16.09,-13.90,-17.32,-9.77,9.02%,$0.3200,Quarterly,October 31
BCX,XBCXX,Equity-Sector Equity,-1.60,-1.58,-1.73,8.62,-0.05,10.18,-0.29,-0.03,-15.32,-13.13,-16.02,-10.10,7.21%,$0.0518,Monthly,December 31
BDJ,XBDJX,Equity-Covered-Call Funds,-2.14,-2.33,-2.28,6.94,0.02,8.05,-1.47,-0.12,-13.79,-3.95,-15.30,3.09,9.72%,$0.0562,Monthly,December 31
BFK,XBFKX,Fixed Income - Municipal-Municipal,-1.72,-2.32,-1.89,8.63,0.01,10.38,0.0,0.0,-16.86,-13.37,-17.40,-7.79,4.24%,$0.0305,Monthly,July 31
BFZ,XBFZX,Fixed Income - Municipal-Municipal - CA,-1.26,-1.70,-0.95,9.91,-0.02,11.54,0.0,0.0,-14.12,-12.03,-16.02,-7.65,4.72%,$0.0390,Monthly,July 31
BGB,XBGBX,Fixed Income - Taxable-Senior Loans,-2.67,-2.11,-2.29,10.48,-0.06,12.28,0.0,0.0,-14.66,-12.22,-15.09,-9.60,11.68%,$0.1020,Monthly,December 31
BGH,XBGHX,Fixed Income - Taxable-High Yield,-1.97,-2.68,-2.95,12.0,-0.04,14.13,-0.07,-0.01,-15.07,-10.64,-15.73,-6.84,10.56%,$0.1056,Monthly,December 31
BGR,XBGRX,Equity-Sector Equity,-0.85,-1.01,-0.97,12.44,-0.11,14.28,-1.38,-0.2,-12.89,-11.76,-13.79,-8.33,6.34%,$0.0657,Monthly,December 31
BGT,XBGTX,Fixed Income - Taxable-Senior Loans,-2.50,-0.93,-0.51,11.37,0.1,12.68,0.0,0.0,-10.33,-9.32,-13.41,-4.23,11.99%,$0.1136,Monthly,October 31
BGX,XBGXX,Fixed Income - Taxable-Senior Loans,-2.49,-1.41,-1.42,10.94,0.01,12.86,0.0,0.0,-14.93,-12.94,-15.55,-10.01,12.29%,$0.1120,Monthly,December 31
BGY,XBGYX,Equity-Covered-Call Funds,-2.51,-2.97,-3.08,4.68,-0.04,5.54,-0.89,-0.05,-15.52,-12.44,-15.56,-9.82,8.67%,$0.0338,Monthly,December 31
BHK,XBHKX,Fixed Income - Taxable-Investment Grade,-1.97,-2.01,-2.02,9.2,0.02,9.74,0.0,0.0,-5.54,-2.68,-6.31,0.61,9.73%,$0.0746,Monthly,August 31
BHV,XBHVX,Fixed Income - Municipal-Municipal - Single-State,-1.24,-1.86,-1.36,8.91,-0.03,10.74,0.0,0.0,-17.04,-11.54,-17.80,-0.71,3.57%,$0.0265,Monthly,July 31
BIGZ,XBIGZX,Equity-U.S. Equity,-0.96,-1.51,-0.20,6.23,-0.06,7.66,-0.91,-0.07,-18.67,-18.16,-24.12,-12.91,8.78%,$0.0456,Monthly,December 31
BIT,XBITX,Fixed Income - Taxable-Multi-Sector,-2.23,-0.44,0.02,13.8,0.03,13.76,0.22,0.03,0.29,0.26,-3.73,4.81,10.76%,$0.1237,Monthly,October 31
BKN,XBKNX,Fixed Income - Municipal-Municipal,-1.47,-2.00,-1.62,9.67,0.02,11.55,0.0,0.0,-16.28,-10.60,-16.88,-0.62,4.90%,$0.0395,Monthly,July 31
BKT,XBKTX,Fixed Income - Taxable-Investment Grade,-2.66,-3.04,-2.69,10.66,0.1,11.55,0.26,0.03,-7.71,-4.79,-8.33,-2.16,9.93%,$0.0882,Monthly,December 31
BLE,XBLEX,Fixed Income - Municipal-Municipal,-1.98,-2.61,-2.06,8.83,-0.01,10.64,0.09,0.01,-17.01,-13.10,-17.20,-7.94,4.62%,$0.0340,Monthly,July 31
BLW,XBLWX,Fixed Income - Taxable-Limited Duration,-2.52,-1.52,-1.25,12.38,-0.07,13.23,0.15,0.02,-6.42,-4.47,-7.58,-0.51,10.46%,$0.1079,Monthly,December 31
BME,XBMEX,Equity-Sector Equity,-2.95,-2.98,-2.07,35.53,-0.27,39.01,-1.44,-0.57,-8.92,-2.38,-9.55,5.88,7.19%,$0.2130,Monthly,December 31
BMEZ,XBMEZX,Equity-Sector Equity,-0.02,-0.26,-0.19,13.26,0.0,15.62,-1.45,-0.23,-15.11,-14.82,-19.06,-10.28,8.43%,$0.0932,Monthly,December 31
BMN,XBMNX,Fixed Income - Municipal-Municipal,-1.43,-2.00,,22.0,-0.5,24.05,0.04,0.01,-8.52,,,,5.11%,$0.0022,Monthly,December 31
BNY,XBNYX,Fixed Income - Municipal-Municipal - NY,-1.21,-1.79,-1.44,8.66,0.0,10.43,0.0,0.0,-16.97,-14.00,-17.44,-8.17,4.23%,$0.0305,Monthly,July 31
BOE,XBOEX,Equity-Covered-Call Funds,-2.67,-3.26,-2.57,8.87,-0.03,10.56,-1.12,-0.12,-16.00,-12.82,-16.67,-9.56,8.52%,$0.0630,Monthly,December 31
BRW,XBRWX,Fixed Income - Taxable-Senior Loans,-1.21,-1.66,-1.33,7.41,0.05,8.28,12.5,0.92,-10.51,-8.74,-12.72,-5.96,13.77%,$0.0850,Monthly,October 31
BSL,XBSLX,Fixed Income - Taxable-Senior Loans,-2.55,-1.50,-1.86,12.56,0.03,14.41,0.0,0.0,-12.84,-10.66,-14.00,-8.10,11.37%,$0.1190,Monthly,December 31
BST,XBSTX,Equity-Sector Equity,-0.55,-1.00,-1.21,29.84,0.12,30.23,0.27,0.08,-1.29,0.77,-4.19,6.81,10.05%,$0.2500,Monthly,December 31
BSTZ,XBSTZX,Equity-Sector Equity,-2.06,-2.97,-3.45,14.16,-0.06,19.0,0.0,0.0,-25.47,-16.28,-25.47,-9.10,8.75%,$0.1032,Monthly,December 31
BTA,XBTAX,Fixed Income - Municipal-Municipal,1.11,1.41,1.47,8.76,-0.07,9.05,0.22,0.02,-3.20,-5.37,-9.16,-1.30,5.96%,$0.0435,Monthly,July 31
BTO,XBTOX,Equity-Sector Equity,-1.79,-1.79,-1.31,23.12,-0.73,23.04,-1.79,-0.42,0.35,6.29,-2.43,21.40,11.25%,$0.6500,Quarterly,December 31
BTT,XBTTX,Fixed Income - Municipal-Municipal,-1.17,-1.74,-1.80,19.13,0.05,22.17,0.0,0.0,-13.71,-10.09,-14.48,-5.85,2.91%,$0.0464,Monthly,July 31
BUI,XBUIX,Equity-Sector Equity,-1.88,-2.27,-1.28,18.75,-0.19,19.79,-0.7,-0.14,-5.26,-2.04,-7.37,4.40,7.74%,$0.1210,Monthly,December 31
BWG,XBWGX,Fixed Income - Taxable-Global Income,-2.59,-2.22,-2.09,6.99,0.04,8.44,-0.12,-0.01,-17.18,-13.09,-17.75,-7.73,13.73%,$0.0800,Monthly,October 31
BXMX,XBXMXX,Equity-Covered-Call Funds,-2.25,-2.42,-2.42,11.76,-0.07,13.04,-1.44,-0.19,-9.82,-1.39,-9.82,6.30,8.04%,$0.2365,Quarterly,December 31
BYM,XBYMX,Fixed Income - Municipal-Municipal,-1.52,-2.01,-1.90,9.4,0.05,11.18,0.0,0.0,-15.92,-11.80,-16.53,-4.49,4.85%,$0.0380,Monthly,July 31
CAF,XCAFX,Equity-Asia Equity,-2.70,-2.68,-1.35,11.75,0.08,14.86,1.43,0.21,-20.93,-17.92,-20.93,-9.66,0.02%,$0.0027,Annually,December 31
CBH,XCBHX,Fixed Income - Taxable-Multi-Sector,-2.00,-1.39,-1.27,8.45,0.0,9.0,0.0,0.0,-6.11,-4.67,-7.09,-1.94,6.53%,$0.0460,Monthly,January 31
CCD,XCCDX,Fixed Income - Taxable-Convertibles,-1.76,-1.18,-1.69,17.12,-0.2,17.24,-4.12,-0.74,-0.70,8.61,-0.70,22.57,13.67%,$0.1950,Monthly,October 31
CEE,XCEEX,Equity-Emerging Market Equity,-1.98,-2.05,-1.63,8.2801,-0.02,8.49,-0.47,-0.04,-2.47,11.89,-3.94,31.76,2.88%,$0.2387,Annually,October 31
CEM,XCEMX,Equity-MLP,-1.47,-0.73,-0.78,34.16,-0.56,40.69,-1.86,-0.77,-16.05,-15.12,-18.28,-12.21,9.02%,$0.7700,Quarterly,November 30
CEV,XCEVX,Fixed Income - Municipal-Municipal - CA,-1.59,-2.19,-2.49,8.855,-0.12,10.62,0.09,0.01,-16.62,-14.47,-16.62,-11.71,4.63%,$0.0342,Monthly,November 30
CGO,XCGOX,Hybrid-Global Allocation,-2.57,-2.87,-1.99,7.92,-0.09,9.0,-0.44,-0.04,-12.00,-6.92,-12.00,0.39,12.12%,$0.0800,Monthly,October 31
CHI,XCHIX,Fixed Income - Taxable-Convertibles,0.78,1.26,0.86,10.06,-0.17,8.99,-0.55,-0.05,11.90,8.86,1.49,16.91,11.33%,$0.0950,Monthly,October 31
CHW,XCHWX,Hybrid-Global Allocation,-2.17,-2.81,-2.03,5.09,-0.02,5.92,-0.34,-0.02,-14.02,-9.29,-14.14,-2.81,11.79%,$0.0500,Monthly,October 31
CHY,XCHYX,Fixed Income - Taxable-Convertibles,1.46,1.81,1.74,10.79,-0.03,9.49,-0.52,-0.05,13.70,6.00,-3.00,15.01,11.12%,$0.1000,Monthly,October 31
CIF,XCIFX,Fixed Income - Taxable-High Yield,-1.94,-2.12,-1.47,1.5,0.0,1.71,0.0,0.0,-12.28,-6.58,-12.57,0.56,11.36%,$0.0142,Monthly,November 30
CII,XCIIX,Equity-Covered-Call Funds,-2.46,-1.71,-1.59,16.82,-0.12,17.77,-0.62,-0.11,-5.35,-2.72,-5.48,1.10,7.10%,$0.0995,Monthly,December 31
CIK,XCIKX,Fixed Income - Taxable-High Yield,-1.01,-1.37,-1.18,2.535,-0.0,2.76,0.36,0.01,-8.15,-3.09,-10.55,7.98,10.65%,$0.0225,Monthly,December 31
CLM,XCLMX,Equity-U.S. Equity,-2.63,-3.28,-3.71,6.33,0.04,6.09,-2.56,-0.16,3.94,18.37,0.64,28.38,23.28%,$0.1228,Monthly,December 31
CMU,XCMUX,Fixed Income - Municipal-Municipal,-2.77,-0.95,-0.44,2.795,-0.04,3.26,0.0,0.0,-14.26,-13.18,-16.62,-6.51,4.72%,$0.0110,Monthly,November 30
CPZ,XCPZX,Equity-Global Equity,-2.78,-3.35,-3.11,13.44,-0.09,16.37,-0.12,-0.02,-17.90,-13.53,-17.90,-9.60,12.50%,$0.1400,Monthly,October 31
CRF,XCRFX,Equity-U.S. Equity,-2.59,-2.64,-2.87,6.17,0.08,5.81,-2.68,-0.16,6.20,18.94,2.01,29.49,22.81%,$0.1173,Monthly,December 31
CSQ,XCSQX,Hybrid-U.S. Allocation,-3.05,-2.65,-2.92,12.54,-0.09,13.17,-0.6,-0.08,-4.78,0.26,-4.78,3.77,9.81%,$0.1025,Monthly,October 31
CTR,XCTRX,Equity-MLP,-1.57,-0.75,-0.33,30.47,-0.48,36.77,-1.82,-0.68,-17.13,-16.47,-19.69,-11.39,9.19%,$0.7000,Quarterly,November 30
CXE,XCXEX,Fixed Income - Municipal-Municipal,-0.11,-0.28,-0.68,3.04,0.0,3.59,0.0,0.0,-15.32,-14.35,-17.20,-10.19,4.93%,$0.0125,Monthly,November 30
CXH,XCXHX,Fixed Income - Municipal-Municipal,-1.69,-0.21,0.35,6.55,0.02,7.5,0.0,0.0,-12.67,-13.44,-16.28,-7.84,4.03%,$0.0220,Monthly,November 30
DBL,XDBLX,Fixed Income - Taxable-Multi-Sector,-0.33,-0.51,-0.56,14.03,0.11,14.1,0.14,0.02,-0.50,0.51,-3.76,4.79,9.41%,$0.1100,Monthly,September 30
DCF,XDCFX,Fixed Income - Taxable-Multi-Sector,-2.09,-1.60,-1.53,7.52,-0.02,8.07,0.0,0.0,-6.82,-4.22,-7.55,0.76,5.59%,$0.0350,Monthly,August 31
DFP,XDFPX,Fixed Income - Taxable-Preferreds,-0.99,-1.60,-2.05,15.58,-0.03,18.33,-0.38,-0.07,-15.00,-8.19,-16.09,-2.15,8.01%,$0.1040,Monthly,November 30
DHF,XDHFX,Fixed Income - Taxable-High Yield,-2.53,-3.18,-2.03,2.06,-0.04,2.47,0.41,0.01,-16.60,-12.73,-16.60,-4.78,8.74%,$0.0150,Monthly,March 31
DHY,XDHYX,Fixed Income - Taxable-High Yield,-2.00,-1.83,-1.19,1.79,-0.01,2.03,0.5,0.01,-11.82,-9.23,-15.35,1.00,10.39%,$0.0155,Monthly,October 31
DIAX,XDIAXX,Equity-Covered-Call Funds,-3.53,-3.51,-2.19,12.81,-0.12,14.91,-0.53,-0.08,-14.08,-8.08,-14.08,-3.25,8.95%,$0.2867,Quarterly,December 31
DLY,XDLYX,Fixed Income - Taxable-Multi-Sector,-1.13,-0.48,0.34,13.82,0.17,14.73,0.0,0.0,-6.18,-7.05,-12.82,-1.17,10.13%,$0.1167,Monthly,September 30
DMB,XDMBX,Fixed Income - Municipal-Municipal,-2.35,-2.65,-2.75,9.02,-0.02,10.43,0.0,0.0,-13.52,-8.01,-13.52,-1.36,3.99%,$0.0300,Monthly,February 28
DMF,XDMFX,Fixed Income - Municipal-Municipal,-1.37,-1.87,-1.66,5.425,0.0,6.54,0.0,0.0,-17.05,-14.59,-17.43,-9.82,3.32%,$0.0150,Monthly,September 30
DMO,XDMOX,Fixed Income - Taxable-High Yield,-2.18,-1.06,-0.95,10.12,-0.03,11.72,0.0,0.0,-13.65,-11.58,-16.53,-7.48,13.64%,$0.1150,Monthly,December 31
DNP,XDNPX,Equity-Sector Equity,-0.28,0.46,0.13,9.21,-0.01,7.37,-1.73,-0.13,24.99,24.52,16.98,34.76,8.47%,$0.0650,Monthly,October 31
DPG,XDPGX,Equity-Sector Equity,-1.89,-0.98,-1.60,8.16,-0.13,9.79,-1.9,-0.19,-16.65,1.25,-16.94,18.70,10.29%,$0.2100,Quarterly,October 31
DSL,XDSLX,Fixed Income - Taxable-Global Income,-1.63,-2.01,-1.35,10.69,0.1,11.22,0.0,0.0,-4.72,-1.34,-8.66,3.00,12.35%,$0.1100,Monthly,September 30
DSM,XDSMX,Fixed Income - Municipal-Municipal,-1.72,-2.19,-2.16,4.73,0.0,5.72,0.0,0.0,-17.31,-13.49,-17.48,-9.60,4.57%,$0.0180,Monthly,November 30
DSU,XDSUX,Fixed Income - Taxable-Senior Loans,-1.96,-0.09,0.40,9.78,-0.01,10.61,0.0,0.0,-7.82,-8.67,-12.31,-3.82,11.17%,$0.0911,Monthly,December 31
DTF,XDTFX,Fixed Income - Municipal-Municipal,-0.61,-0.01,-0.13,10.5141,0.04,11.98,0.0,0.0,-12.24,-12.11,-14.13,-9.06,3.71%,$0.0325,Monthly,October 31
EAD,XEADX,Fixed Income - Taxable-High Yield,-2.64,-3.12,-2.35,5.71,-0.02,6.74,0.0,0.0,-15.28,-9.76,-15.28,-1.10,9.96%,$0.0474,Monthly,April 30
ECAT,XECATX,Hybrid-Global Allocation,-1.05,-1.46,0.27,16.23,2.11,16.23,14.94,2.11,-13.49,-14.14,-19.61,-10.44,10.68%,$0.1250,Monthly,December 31
ECF,XECFX,Fixed Income - Taxable-Convertibles,-1.60,-0.59,-0.46,7.31,-0.05,8.47,-1.51,-0.13,-13.70,-12.76,-17.62,-7.77,7.11%,$0.1300,Quarterly,September 30
EDD,XEDDX,Fixed Income - Taxable-Emerging Market Income,-0.62,-0.97,-0.58,4.29,0.04,5.05,0.0,0.0,-15.05,-14.46,-17.28,-12.39,8.39%,$0.0900,Quarterly,October 31
EDF,XEDFX,Fixed Income - Taxable-Emerging Market Income,-2.73,-3.09,-2.43,3.6,-0.04,4.01,0.75,0.03,-10.22,5.30,-11.47,20.84,20.00%,$0.0600,Monthly,November 30
EDI,XEDIX,Fixed Income - Taxable-Emerging Market Income,-2.64,-2.79,-2.12,4.21,-0.06,4.81,0.63,0.03,-12.47,3.07,-14.71,18.23,19.95%,$0.0700,Monthly,November 30
EEA,XEEAX,Equity-Global Equity,-1.25,-1.62,-1.94,7.47,-0.05,9.06,-0.66,-0.06,-17.55,-14.46,-17.77,-10.83,0.87%,$0.0325,Semi-Annually,December 31
EFR,XEFRX,Fixed Income - Taxable-Senior Loans,-2.71,-1.36,-1.13,11.41,0.04,12.78,0.0,0.0,-10.72,-8.79,-12.11,-4.87,12.41%,$0.1180,Monthly,October 31
EFT,XEFTX,Fixed Income - Taxable-Senior Loans,-3.36,-1.08,-0.95,11.55,0.04,13.02,0.23,0.03,-11.29,-9.75,-13.54,-6.02,12.05%,$0.1160,Monthly,May 31
EGF,XEGFX,Fixed Income - Taxable-Investment Grade,0.61,0.99,1.32,9.53,0.12,9.76,0.21,0.02,-2.36,-4.88,-8.98,0.00,5.16%,$0.0410,Monthly,December 31
EHI,XEHIX,Fixed Income - Taxable-High Yield,-1.79,-2.31,-1.91,6.08,0.0,6.82,0.15,0.01,-10.85,-4.41,-11.83,3.76,13.22%,$0.0670,Monthly,May 31
EIM,XEIMX,Fixed Income - Municipal-Municipal,-1.03,-1.54,-1.70,8.725,-0.02,10.24,0.1,0.01,-14.79,-12.18,-15.54,-7.64,4.58%,$0.0333,Monthly,September 30
EMD,XEMDX,Fixed Income - Taxable-Emerging Market Income,-1.77,-1.97,-1.91,7.92,-0.02,9.43,0.43,0.04,-16.01,-12.43,-16.28,-7.88,12.80%,$0.0845,Monthly,December 31
EMF,XEMFX,Equity-Emerging Market Equity,-1.97,-2.64,-2.04,10.69,-0.03,12.71,0.0,0.0,-15.89,-12.97,-15.89,-8.56,10.56%,$1.1293,Annually,August 31
EMO,XEMOX,Equity-MLP,0.15,0.66,0.85,30.96,-0.44,35.52,-1.8,-0.65,-12.84,-14.00,-17.56,-10.85,8.40%,$0.6500,Quarterly,November 30
ENX,XENXX,Fixed Income - Municipal-Municipal - NY,-1.36,-1.92,-2.03,7.91,0.01,9.34,0.0,0.0,-15.31,-12.43,-15.47,-8.62,4.51%,$0.0297,Monthly,September 30
EOD,XEODX,Equity-Global Equity,-2.18,-2.67,-1.76,3.74,-0.04,4.46,-0.45,-0.02,-16.14,-6.65,-16.14,3.77,11.38%,$0.1064,Quarterly,October 31
EOI,XEOIX,Equity-Covered-Call Funds,-2.18,-2.80,-1.95,14.39,-0.03,15.22,-0.46,-0.07,-5.45,0.48,-5.69,10.02,9.13%,$0.1095,Monthly,September 30
EOS,XEOSX,Equity-Covered-Call Funds,-2.84,-2.56,-1.41,15.92,0.01,17.22,0.29,0.05,-7.55,-1.72,-7.55,7.22,8.68%,$0.1152,Monthly,December 31
EOT,XEOTX,Fixed Income - Municipal-Municipal,-0.38,-0.96,-1.19,15.14,0.11,16.53,-0.06,-0.01,-8.41,-5.62,-11.87,-0.56,4.95%,$0.0625,Monthly,March 31
ERC,XERCX,Fixed Income - Taxable-Limited Duration,-2.66,-1.03,-1.26,8.57,0.01,9.36,0.11,0.01,-8.44,-3.77,-9.94,4.02,9.10%,$0.0650,Monthly,October 31
ERH,XERHX,Hybrid-U.S. Allocation,-1.79,-2.68,-3.27,8.14,-0.12,9.78,-1.51,-0.15,-16.77,-8.19,-16.82,-3.30,9.81%,$0.0666,Monthly,August 31
ETB,XETBX,Equity-Covered-Call Funds,-2.53,-2.93,-1.71,11.61,-0.09,13.18,-0.38,-0.05,-11.91,-2.09,-11.91,21.42,9.63%,$0.0932,Monthly,December 31
ETG,XETGX,Equity-Global Equity,-2.03,-2.83,-2.41,14.13,-0.05,16.45,-0.78,-0.13,-14.10,-8.66,-14.48,1.75,8.50%,$0.1001,Monthly,October 31
ETJ,XETJX,Equity-Covered-Call Funds,-1.88,-2.00,-2.02,7.21,-0.07,7.94,-0.38,-0.03,-9.19,-4.36,-9.19,2.05,9.64%,$0.0579,Monthly,December 31
ETO,XETOX,Hybrid-Global Allocation,-1.41,-2.10,-1.69,19.87,-0.03,22.2,-0.72,-0.16,-10.50,-7.77,-11.09,1.14,8.30%,$0.1374,Monthly,October 31
ETV,XETVX,Equity-Covered-Call Funds,-2.06,-2.45,-1.86,11.09,-0.02,12.2,0.08,0.01,-9.10,-0.18,-9.10,17.46,10.27%,$0.0949,Monthly,December 31
ETW,XETWX,Equity-Covered-Call Funds,-2.54,-2.98,-2.49,6.98,-0.03,8.2,-0.24,-0.02,-14.88,-7.94,-15.04,3.05,10.01%,$0.0582,Monthly,December 31
ETX,XETXX,Fixed Income - Municipal-Municipal,0.49,-0.56,-0.98,16.63,-0.11,18.14,0.0,0.0,-8.32,-5.80,-10.25,3.35,4.21%,$0.0583,Monthly,January 31
ETY,XETYX,Equity-Covered-Call Funds,-2.24,-2.73,-2.59,10.64,-0.02,11.45,-0.52,-0.06,-7.07,-0.90,-7.45,6.98,9.08%,$0.0805,Monthly,October 31
EVF,XEVFX,Fixed Income - Taxable-Senior Loans,-0.85,0.34,0.56,5.6,0.0,6.1,0.16,0.01,-8.20,-9.62,-13.17,-1.95,12.00%,$0.0560,Monthly,June 30
EVG,XEVGX,Fixed Income - Taxable-Limited Duration,-1.45,-0.34,-0.88,9.67,0.02,10.49,0.1,0.01,-7.82,-4.74,-10.26,3.98,9.36%,$0.0754,Monthly,October 31
EVM,XEVMX,Fixed Income - Municipal-Municipal - CA,-1.86,-2.37,-2.63,7.71,-0.06,9.27,0.11,0.01,-16.83,-14.20,-16.83,-11.65,4.54%,$0.0292,Monthly,September 30
EVN,XEVNX,Fixed Income - Municipal-Municipal,-0.88,-1.45,-1.73,8.71,-0.01,10.25,0.0,0.0,-15.02,-11.55,-15.94,-6.56,5.17%,$0.0375,Monthly,November 30
EVT,XEVTX,Hybrid-U.S. Allocation,-2.59,-3.37,-3.27,18.7,-0.25,21.1,-2.0,-0.43,-11.37,-4.46,-11.98,2.56,9.55%,$0.1488,Monthly,October 31
EVV,XEVVX,Fixed Income - Taxable-Limited Duration,-2.66,-3.14,-1.81,8.55,-0.04,9.97,0.2,0.02,-14.24,-8.47,-14.24,-1.04,10.75%,$0.0766,Monthly,March 31
EXG,XEXGX,Equity-Covered-Call Funds,-2.82,-3.44,-2.44,6.79,-0.02,7.86,-0.63,-0.05,-13.61,-8.06,-13.91,0.26,9.77%,$0.0553,Monthly,October 31
FAM,XFAMX,Fixed Income - Taxable-Global Income,-0.91,-0.90,-0.63,5.48,0.04,6.28,0.16,0.01,-12.74,-11.61,-14.50,-5.47,13.14%,$0.0600,Monthly,December 31
FAX,XFAXX,Fixed Income - Taxable-Global Income,-1.51,-1.70,-0.67,2.39,0.02,2.82,0.0,0.0,-15.25,-14.23,-18.21,-11.33,13.81%,$0.0275,Monthly,October 31
FCO,XFCOX,Fixed Income - Taxable-Global Income,0.99,1.16,1.61,5.8,0.06,3.71,-0.54,-0.02,56.33,31.96,7.06,61.35,14.48%,$0.0700,Monthly,October 31
FCT,XFCTX,Fixed Income - Taxable-Senior Loans,-3.04,-1.62,-1.43,9.56,0.02,11.02,0.0,0.0,-13.25,-11.12,-15.27,-7.71,12.18%,$0.0970,Monthly,May 31
FDEU,XFDEUX,Equity-Global Equity,3.05,3.71,1.88,12.06,-0.1,12.16,-2.09,-0.26,-0.82,-7.44,-14.59,0.00,6.97%,$0.0700,Monthly,December 31
FEI,XFEIX,Equity-MLP,3.17,3.90,4.07,8.31,-0.04,9.14,-0.98,-0.09,-9.08,-14.37,-17.50,-9.08,7.22%,$0.0500,Monthly,October 31
FEN,XFENX,Equity-MLP,1.90,2.26,0.89,14.02,0.09,15.14,-1.05,-0.16,-7.40,-10.90,-15.99,0.78,8.56%,$0.3000,Quarterly,November 30
FFA,XFFAX,Equity-Covered-Call Funds,-3.63,-1.70,-0.90,15.9,-0.19,16.92,-3.86,-0.68,-6.03,-4.52,-7.44,-0.60,7.92%,$0.3150,Quarterly,December 31
FFC,XFFCX,Fixed Income - Taxable-Preferreds,-0.32,-0.99,-1.40,12.29,0.05,14.09,-0.35,-0.05,-12.78,-6.82,-15.69,2.04,7.96%,$0.0815,Monthly,November 30
FGB,XFGBX,Equity-Sector Equity,-1.01,-1.14,-1.46,3.01,0.0,3.66,-1.35,-0.05,-17.76,-13.85,-18.87,-4.51,10.96%,$0.0825,Quarterly,November 30
FIF,XFIFX,Equity-MLP,2.67,3.09,3.92,15.39,-0.11,16.59,-1.54,-0.26,-7.23,-13.49,-16.27,-7.23,7.80%,$0.1000,Monthly,November 30
FINS,XFINSX,Hybrid-U.S. Allocation,0.07,0.43,-0.01,11.73,0.03,13.5,-0.07,-0.01,-13.11,-13.10,-15.62,-9.21,11.15%,$0.1090,Monthly,January 31
FLC,XFLCX,Fixed Income - Taxable-Preferreds,-0.74,-1.32,-1.74,12.83,-0.03,15.18,-0.26,-0.04,-15.48,-9.45,-16.92,-2.60,7.81%,$0.0835,Monthly,November 30
FMN,XFMNX,Fixed Income - Municipal-Municipal,-1.97,-2.63,-2.12,9.13,-0.06,10.95,0.0,0.0,-16.62,-14.19,-16.62,-10.23,4.60%,$0.0350,Monthly,November 30
FMY,XFMYX,Fixed Income - Taxable-Investment Grade,-0.70,0.35,-0.07,10.88,-0.11,11.76,0.09,0.01,-7.48,-7.37,-10.92,-1.87,7.44%,$0.0675,Monthly,October 31
FOF,XFOFX,Hybrid-U.S. Allocation,-0.88,-0.74,-0.76,9.7,0.11,9.68,-0.1,-0.01,0.21,1.52,-1.92,7.76,10.76%,$0.0870,Monthly,December 31
FPF,XFPFX,Fixed Income - Taxable-Preferreds,-1.48,-1.91,-2.34,13.98,-0.04,16.7,-0.12,-0.02,-16.29,-11.01,-16.56,-5.90,9.23%,$0.1075,Monthly,October 31
FPL,XFPLX,Equity-MLP,3.07,3.57,3.99,6.53,-0.07,7.19,-1.24,-0.09,-9.18,-14.29,-17.09,-7.53,6.89%,$0.0375,Monthly,October 31
FRA,XFRAX,Fixed Income - Taxable-Senior Loans,-2.91,-1.69,-0.92,11.67,0.14,13.05,0.0,0.0,-10.57,-8.57,-12.86,-4.10,12.03%,$0.1170,Monthly,August 31
FSD,XFSDX,Fixed Income - Taxable-High Yield,-1.85,-2.09,-2.19,10.21,-0.11,11.89,0.08,0.01,-14.13,-10.37,-14.13,-6.70,12.34%,$0.1050,Monthly,October 31
FT,XFTX,Hybrid-U.S. Allocation,-2.36,-2.39,-1.63,6.02,-0.04,6.89,-0.72,-0.05,-12.63,-9.55,-13.08,-3.64,8.47%,$0.0425,Monthly,August 31
FTF,XFTFX,Fixed Income - Taxable-Limited Duration,-2.27,-2.82,-2.57,5.79,0.0,6.86,0.15,0.01,-15.60,-12.23,-15.89,-8.79,12.25%,$0.0591,Monthly,December 31
FUND,XFUNDX,Equity-U.S. Equity,-2.36,-3.06,-3.53,6.91,-0.08,7.78,-0.26,-0.02,-11.18,-6.64,-11.18,-2.59,7.17%,$0.1238,Quarterly,December 31
FXBY,XFXBYX,Equity-U.S. Equity,2.18,0.69,-0.38,12.02,-0.1,19.2,-0.57,-0.11,-37.40,-35.15,-47.22,-22.25,1.60%,$0.1925,Annually,December 31
GAB,XGABX,Equity-U.S. Equity,-1.07,-1.46,-1.78,4.59,-0.09,4.46,-1.33,-0.06,2.91,7.54,2.05,14.23,13.07%,$0.1500,Quarterly,December 31
GAM,XGAMX,Equity-U.S. Equity,-0.43,-0.68,-1.10,39.46,-0.29,48.17,-0.52,-0.25,-18.08,-17.22,-18.80,-14.96,2.53%,$1.0000,Annually,December 31
GBAB,XGBABX,Fixed Income - Taxable-Taxable Muni,0.43,0.21,-0.01,14.75,-0.07,14.39,0.0,0.0,2.50,2.53,-2.80,7.88,10.23%,$0.1257,Monthly,May 31
GCV,XGCVX,Hybrid-U.S. Allocation,-2.62,-2.56,-2.17,3.23,-0.03,3.61,-1.1,-0.04,-10.53,7.38,-10.68,25.54,14.86%,$0.1200,Quarterly,December 31
GDL,XGDLX,Hybrid-U.S. Allocation,-1.10,-1.31,-1.27,7.7,-0.02,10.0,0.0,0.0,-23.00,-21.81,-23.41,-19.13,6.23%,$0.1200,Quarterly,December 31
GDO,XGDOX,Fixed Income - Taxable-Global Income,-1.01,-1.24,-1.03,11.31,0.01,11.96,0.08,0.01,-5.43,-4.15,-7.81,0.51,10.82%,$0.1020,Monthly,October 31
GDV,XGDVX,Equity-U.S. Equity,-1.14,-1.82,-2.18,18.17,-0.01,22.08,-1.08,-0.24,-17.71,-14.93,-18.55,-12.63,7.26%,$0.1100,Monthly,December 31
GF,XGFX,Equity-Single-Country Equity,-2.16,-2.06,-1.84,7.43,0.02,9.1,0.33,0.03,-18.35,-14.79,-18.35,-7.99,0.37%,$0.0136,Semi-Annually,December 31
GGN,XGGNX,Equity-Sector Equity,-0.63,0.21,0.86,3.65,-0.03,3.79,0.53,0.02,-3.69,-5.43,-10.00,-1.60,9.86%,$0.0300,Monthly,December 31
GGT,XGGTX,Equity-Sector Equity,-0.93,-0.34,0.39,4.7693,-0.28,3.1,-1.59,-0.05,53.85,48.04,19.57,84.91,18.45%,$0.2200,Quarterly,December 31
GGZ,XGGZX,Equity-Global Equity,-1.69,-2.05,-2.27,9.51,-0.1,11.76,-0.84,-0.1,-19.13,-15.94,-19.55,-12.61,6.73%,$0.1600,Quarterly,December 31
GHY,XGHYX,Fixed Income - Taxable-High Yield,-1.81,-1.72,-1.09,10.33,0.07,11.85,0.08,0.01,-12.83,-11.16,-14.48,-7.85,12.20%,$0.1050,Monthly,July 31
GIM,XGIMX,Fixed Income - Taxable-Global Income,1.65,2.37,1.67,3.97,0.01,4.18,0.24,0.01,-5.02,-7.71,-10.22,-0.46,8.80%,$0.0291,Monthly,December 31
GLO,XGLOX,Hybrid-Global Allocation,-1.41,-1.67,-1.28,4.13,-0.03,5.13,-0.19,-0.01,-19.49,-14.40,-19.66,-0.16,14.03%,$0.0483,Monthly,October 31
GLQ,XGLQX,Equity-Global Equity,-1.34,-1.72,-1.25,5.13,-0.05,6.36,-0.16,-0.01,-19.34,-14.10,-19.67,-1.81,14.01%,$0.0599,Monthly,October 31
GLU,XGLUX,Equity-Sector Equity,-2.06,-0.44,-0.27,11.725,-0.12,12.89,-1.38,-0.18,-9.04,-8.25,-14.19,0.29,10.23%,$0.1000,Monthly,December 31
GLV,XGLVX,Hybrid-Global Allocation,-0.17,-0.56,-0.85,4.81,-0.02,5.83,-4.11,-0.25,-17.50,-13.55,-19.53,0.32,14.89%,$0.0597,Monthly,October 31
GNT,XGNTX,Equity-Covered-Call Funds,-1.79,-1.52,-1.61,4.7,0.0,5.75,0.17,0.01,-18.26,-16.23,-19.57,-12.79,7.66%,$0.0300,Monthly,December 31
GOF,XGOFX,Fixed Income - Taxable-Multi-Sector,-2.06,-3.05,-4.07,11.84,0.36,11.63,-0.09,-0.01,1.81,26.12,-4.70,34.59,18.46%,$0.1821,Monthly,May 31
GRX,XGRXX,Equity-Sector Equity,-1.69,-2.46,-2.48,7.74,-0.15,9.81,-1.7,-0.17,-21.10,-16.78,-21.18,-12.34,7.75%,$0.1500,Quarterly,December 31
GUG,XGUGX,Hybrid-Global Allocation,-1.53,-1.85,-2.04,12.92,0.08,15.29,-0.07,-0.01,-15.50,-12.56,-16.59,-7.41,11.03%,$0.1188,Monthly,May 31
GUT,XGUTX,Equity-Sector Equity,-0.10,0.21,0.75,5.8,-0.08,2.72,-1.45,-0.04,113.24,105.95,79.26,126.82,10.34%,$0.0500,Monthly,December 31
HEQ,XHEQX,Equity-Global Equity,-1.07,-1.66,-1.93,9.22,-0.01,10.83,-0.82,-0.09,-14.87,-4.85,-15.72,4.14,10.85%,$0.2500,Quarterly,December 31
HFRO,XHFROX,Fixed Income - Taxable-Senior Loans,-2.43,-2.39,-2.28,7.0,0.09,13.4,0.0,0.0,-47.76,-33.59,-48.43,-22.35,13.20%,$0.0770,Monthly,June 30
HGLB,XHGLBX,Hybrid-Global Allocation,-2.35,-3.05,-3.42,6.83,0.27,11.01,-0.54,-0.06,-37.97,-23.51,-40.74,-17.12,14.76%,$0.0840,Monthly,September 30
HIE,XHIEX,Equity-U.S. Equity,1.00,0.69,0.64,9.56,0.06,10.27,-1.15,-0.12,-6.91,-7.40,-10.12,-4.39,6.40%,$0.0510,Monthly,October 31
HIO,XHIOX,Fixed Income - Taxable-High Yield,-1.74,-1.96,-1.75,3.54,-0.02,4.03,0.0,0.0,-12.16,-10.21,-13.19,-6.39,12.03%,$0.0355,Monthly,September 30
HIX,XHIXX,Fixed Income - Taxable-High Yield,-1.73,-2.05,-2.14,4.19,-0.03,4.42,0.23,0.01,-5.20,1.65,-7.13,7.90,14.03%,$0.0490,Monthly,April 30
HNW,XHNWX,Fixed Income - Taxable-High Yield,-3.05,-1.23,-1.14,9.845,-0.08,11.52,0.09,0.01,-14.54,-12.93,-15.10,-9.07,10.97%,$0.0900,Monthly,April 30
HPF,XHPFX,Fixed Income - Taxable-Preferreds,-1.83,-1.76,-1.90,13.03,-0.11,13.43,-0.52,-0.07,-2.98,1.93,-3.24,10.06,11.37%,$0.1235,Monthly,July 31
HPI,XHPIX,Fixed Income - Taxable-Preferreds,-2.47,-2.60,-2.76,12.92,-0.08,13.53,-0.59,-0.08,-4.51,1.51,-4.51,8.27,11.47%,$0.1235,Monthly,July 31
HPS,XHPSX,Fixed Income - Taxable-Preferreds,-2.58,-2.92,-2.54,11.85,-0.1,12.15,-0.49,-0.06,-2.47,3.74,-2.87,12.69,11.14%,$0.1100,Monthly,July 31
HQH,XHQHX,Equity-Sector Equity,-1.80,-2.32,-2.26,14.32,-0.27,17.76,-1.44,-0.26,-19.37,-13.51,-19.59,-8.85,11.17%,$0.4000,Quarterly,September 30
HQL,XHQLX,Equity-Sector Equity,-2.11,-2.68,-2.69,11.35,-0.21,14.12,-1.33,-0.19,-19.62,-14.25,-19.62,-10.56,11.28%,$0.3200,Quarterly,September 30
HTD,XHTDX,Hybrid-U.S. Allocation,-1.87,-2.63,-2.74,16.31,-0.26,18.71,-1.94,-0.37,-12.83,-3.72,-13.29,1.90,10.15%,$0.1380,Monthly,October 31
HTY,XHTYX,Equity-Global Equity,-2.70,-2.69,-1.69,4.04,-0.07,4.8,-1.44,-0.07,-15.83,-11.04,-15.83,-3.35,15.84%,$0.1600,Quarterly,October 31
HYI,XHYIX,Fixed Income - Taxable-High Yield,-0.68,-0.85,-1.18,11.06,-0.08,11.85,0.0,0.0,-6.67,-5.03,-7.59,-0.56,10.31%,$0.0950,Monthly,May 31
HYT,XHYTX,Fixed Income - Taxable-High Yield,-1.50,-0.70,-0.73,8.25,0.0,8.89,0.11,0.01,-7.20,-5.82,-9.85,-1.38,11.33%,$0.0779,Monthly,December 31
IAE,XIAEX,Equity-Asia Equity,-2.21,-2.93,-2.55,5.355,0.03,6.43,0.31,0.02,-16.72,-13.87,-16.85,-9.87,11.95%,$0.1600,Quarterly,February 28
IAF,XIAFX,Equity-Single-Country Equity,-2.81,-2.72,-2.11,3.61,-0.01,4.2,-0.47,-0.02,-14.05,-9.98,-14.22,-2.63,13.30%,$0.1200,Quarterly,October 31
IDE,XIDEX,Equity-Global Equity,-1.81,-1.29,-1.39,8.65,0.03,10.39,-0.19,-0.02,-16.75,-15.15,-17.43,-12.32,10.59%,$0.2290,Quarterly,February 28
IFN,XIFNX,Equity-Asia Equity,-1.63,-0.57,0.25,15.76,0.2,15.97,0.38,0.06,-1.31,-2.26,-11.98,7.05,10.41%,$0.4100,Quarterly,December 31
IGA,XIGAX,Equity-Covered-Call Funds,-1.18,-1.57,-1.52,7.79,-0.02,9.29,-0.96,-0.09,-16.15,-13.60,-17.25,-9.07,10.12%,$0.1970,Quarterly,February 28
IGD,XIGDX,Equity-Covered-Call Funds,-1.44,-1.96,-2.08,4.66,-0.02,5.51,-1.08,-0.06,-15.43,-12.18,-15.98,-8.90,10.30%,$0.0400,Monthly,February 28
IGI,XIGIX,Fixed Income - Taxable-Investment Grade,-2.37,-2.44,-1.97,15.17,0.0,16.14,0.06,0.01,-6.01,-4.29,-6.01,-0.99,5.42%,$0.0685,Monthly,November 30
IGR,XIGRX,Equity-Real Estate,-1.67,-1.71,-1.39,3.9,-0.05,4.53,-1.09,-0.05,-13.91,-9.16,-18.50,1.36,18.46%,$0.0600,Monthly,December 31
IHD,XIHDX,Equity-Emerging Market Equity,-2.09,-2.90,-2.63,4.55,0.03,5.47,0.18,0.01,-16.82,-13.64,-17.22,-9.09,11.87%,$0.1350,Quarterly,February 28
IHIT,XIHITX,Fixed Income - Taxable-High Yield,2.64,3.45,2.00,6.86,0.02,6.94,0.0,0.0,-1.15,-4.37,-7.23,1.88,3.50%,$0.0200,Monthly,February 28
IHTA,XIHTAX,Fixed Income - Taxable-High Yield,-1.47,-1.74,-1.37,6.55,0.0,7.39,0.0,0.0,-11.37,-6.66,-11.81,4.02,6.05%,$0.0330,Monthly,February 28
IIF,XIIFX,Equity-Asia Equity,-3.08,-4.04,-2.94,21.21,0.13,26.98,1.01,0.27,-21.39,-18.06,-21.39,-14.39,18.78%,$3.9832,Annually,December 31
IIM,XIIMX,Fixed Income - Municipal-Municipal,-1.76,-2.42,-2.24,9.98,0.0,11.87,0.08,0.01,-15.92,-10.84,-15.92,-5.94,5.30%,$0.0441,Monthly,February 28
IQI,XIQIX,Fixed Income - Municipal-Municipal,-1.15,-1.69,-1.85,8.09,0.0,9.64,0.1,0.01,-16.08,-12.36,-16.47,-7.39,5.31%,$0.0358,Monthly,February 28
ISD,XISDX,Fixed Income - Taxable-High Yield,-2.95,-3.47,-2.60,11.04,-0.02,12.81,0.08,0.01,-13.82,-10.06,-13.90,-6.67,11.41%,$0.1050,Monthly,July 31
JCE,XJCEX,Equity-U.S. Equity,-1.06,-0.16,-0.68,11.65,-0.07,12.07,-1.23,-0.15,-3.48,0.21,-6.39,30.09,10.99%,$0.3200,Quarterly,December 31
JEQ,XJEQX,Equity-Asia Equity,0.32,0.21,0.25,5.12,0.02,5.96,0.85,0.05,-14.09,-14.52,-18.43,-10.34,8.59%,$0.1100,Quarterly,October 31
JFR,XJFRX,Fixed Income - Taxable-Senior Loans,-2.26,-1.98,-1.94,7.7,0.05,9.04,-0.11,-0.01,-14.82,-10.88,-15.47,-6.59,13.25%,$0.0850,Monthly,July 31
JGH,XJGHX,Fixed Income - Taxable-Global Income,-2.13,-1.48,-1.57,10.43,0.01,12.11,-0.33,-0.04,-13.87,-10.78,-14.25,-6.22,11.91%,$0.1035,Monthly,December 31
JHAA,XJHAAX,Fixed Income - Taxable-High Yield,1.52,1.87,2.28,9.61,0.01,9.67,0.0,0.0,-0.62,-2.64,-4.89,-0.21,2.31%,$0.0185,Monthly,December 31
JHI,XJHIX,Fixed Income - Taxable-Investment Grade,-1.51,-2.27,-1.96,11.72,0.05,13.46,0.07,0.01,-12.93,-8.18,-13.36,-1.06,7.11%,$0.2084,Quarterly,October 31
JHS,XJHSX,Fixed Income - Taxable-Investment Grade,-2.75,-3.13,-2.56,9.79,0.03,10.98,0.09,0.01,-10.84,-7.82,-11.03,-4.83,3.55%,$0.0868,Quarterly,October 31
JLS,XJLSX,Fixed Income - Taxable-High Yield,0.02,0.70,0.46,15.93,-0.12,18.47,0.16,0.03,-13.75,-14.33,-16.53,-9.46,10.70%,$0.1420,Monthly,December 31
JMM,XJMMX,Fixed Income - Taxable-Investment Grade,-2.67,-1.77,-1.48,5.36,-0.04,5.98,0.5,0.03,-10.37,-8.18,-10.89,-4.33,6.16%,$0.0275,Monthly,June 30
JPC,XJPCX,Fixed Income - Taxable-Preferreds,-1.29,-1.85,-1.72,6.0,-0.03,7.07,-0.28,-0.02,-15.13,-10.05,-15.70,-2.77,8.38%,$0.0419,Monthly,July 31
JPI,XJPIX,Fixed Income - Taxable-Preferreds,-1.71,-1.72,-1.67,16.28,-0.01,17.52,-0.17,-0.03,-7.08,-4.79,-7.42,-0.61,7.22%,$0.0980,Monthly,July 31
JPS,XJPSX,Fixed Income - Taxable-Preferreds,-0.90,-1.48,-1.74,5.89,0.0,6.99,-0.14,-0.01,-15.74,-11.75,-16.91,-6.61,7.31%,$0.0359,Monthly,July 31
JPT,XJPTX,Fixed Income - Taxable-Preferreds,-0.89,-1.39,-1.53,15.0,-0.1,17.76,-0.17,-0.03,-15.54,-11.00,-16.75,-0.30,8.92%,$0.1115,Monthly,July 31
JQC,XJQCX,Fixed Income - Taxable-Senior Loans,-2.65,-2.75,-1.98,4.83,-0.04,5.74,-0.17,-0.01,-15.85,-12.57,-15.85,-8.55,13.42%,$0.0540,Monthly,July 31
JRI,XJRIX,Hybrid-Global Allocation,-2.92,-2.81,-2.48,9.71,-0.09,11.81,0.25,0.03,-17.78,-14.43,-17.78,-11.46,10.75%,$0.0870,Monthly,December 31
JRS,XJRSX,Equity-Real Estate,-2.76,-3.48,-2.13,5.96,-0.1,7.14,1.13,0.08,-16.53,-9.37,-16.53,-2.72,11.41%,$0.1700,Quarterly,December 31
KF,XKFX,Equity-Asia Equity,-3.03,-2.98,-3.38,18.35,-0.25,23.43,-0.09,-0.02,-21.68,-15.14,-21.68,-11.06,18.09%,$3.3189,Annually,June 30
KIO,XKIOX,Fixed Income - Taxable-High Yield,-2.01,-1.37,-0.95,11.22,0.03,12.73,0.08,0.01,-11.86,-10.16,-14.59,-5.03,12.99%,$0.1215,Monthly,October 31
KMF,XKMFX,Equity-MLP,-1.05,0.21,0.59,6.84,-0.07,8.1,-1.46,-0.12,-15.56,-16.41,-20.78,-13.47,9.36%,$0.1600,Quarterly,November 30
KSM,XKSMX,Fixed Income - Municipal-Municipal,-1.23,-1.13,-1.35,7.28,-0.01,8.63,0.0,0.0,-15.64,-14.44,-16.24,-11.79,4.29%,$0.0260,Monthly,November 30
KTF,XKTFX,Fixed Income - Municipal-Municipal,-1.22,-1.74,-1.70,7.47,0.02,8.98,0.0,0.0,-16.82,-14.38,-17.29,-10.34,3.78%,$0.0235,Monthly,November 30
KYN,XKYNX,Equity-MLP,-3.55,-3.05,-2.50,7.97,-0.13,9.82,-1.21,-0.12,-18.84,-14.82,-18.84,-10.19,10.54%,$0.2100,Quarterly,November 30
LDP,XLDPX,Fixed Income - Taxable-Preferreds,-1.26,-1.54,-2.06,16.46,-0.08,18.88,0.05,0.01,-12.82,-8.43,-13.44,-3.39,9.55%,$0.1310,Monthly,December 31
LEO,XLEOX,Fixed Income - Municipal-Municipal,-1.39,-1.82,-2.08,5.05,0.01,6.05,0.0,0.0,-16.53,-10.81,-17.19,-3.62,4.51%,$0.0190,Monthly,September 30
LGI,XLGIX,Equity-Global Equity,-2.14,-2.42,-2.10,12.68,-0.04,15.22,-0.91,-0.14,-16.69,-10.64,-17.19,-5.07,8.84%,$0.0934,Monthly,December 31
MAV,XMAVX,Fixed Income - Municipal-Municipal,-1.35,-1.98,-1.76,6.4,-0.06,7.75,0.0,0.0,-17.42,-13.89,-17.94,-9.05,5.16%,$0.0275,Monthly,March 31
MCN,XMCNX,Equity-Covered-Call Funds,-0.09,-0.73,-1.29,6.7699,-0.02,6.73,-0.88,-0.06,0.59,5.74,-1.36,16.83,10.64%,$0.1800,Quarterly,December 31
MCR,XMCRX,Fixed Income - Taxable-High Yield,-1.50,-1.78,-1.26,5.69,-0.02,6.38,0.16,0.01,-10.82,-7.31,-10.99,1.47,9.33%,$0.0442,Monthly,November 30
MFD,XMFDX,Equity-Sector Equity,-1.58,-2.02,-2.15,6.75,-0.06,8.16,-0.85,-0.07,-17.28,-12.02,-18.25,-5.51,11.85%,$0.2000,Quarterly,November 30
MFM,XMFMX,Fixed Income - Municipal-Municipal,-1.20,-1.59,-2.01,4.4,-0.03,5.27,0.0,0.0,-16.51,-13.61,-16.82,-9.46,4.77%,$0.0175,Monthly,October 31
MFV,XMFVX,Hybrid-U.S. Allocation,-0.01,-0.32,-0.85,3.8,-0.02,4.09,-0.49,-0.02,-7.09,-5.10,-9.07,2.18,11.34%,$0.0359,Monthly,October 31
MGF,XMGFX,Fixed Income - Taxable-Investment Grade,-2.68,-3.08,-2.76,2.92,-0.02,3.19,0.0,0.0,-8.46,-5.78,-8.46,-2.05,8.21%,$0.0200,Monthly,November 30
MHD,XMHDX,Fixed Income - Municipal-Municipal,-1.48,-2.13,-1.71,10.0,0.0,11.99,0.08,0.01,-16.60,-13.20,-16.93,-7.21,4.26%,$0.0355,Monthly,July 31
MHF,XMHFX,Fixed Income - Municipal-Municipal,-0.76,-1.06,-1.25,5.95,0.01,6.76,0.0,0.0,-11.98,-9.82,-12.35,-3.98,4.19%,$0.0208,Monthly,October 31
MHI,XMHIX,Fixed Income - Municipal-Municipal,-0.76,-1.25,-1.36,6.985,-0.02,8.39,-0.12,-0.01,-16.75,-13.95,-18.11,-8.79,4.72%,$0.0275,Monthly,April 30
MHN,XMHNX,Fixed Income - Municipal-Municipal - NY,-1.30,-1.89,-2.03,8.78,0.0,10.6,0.0,0.0,-17.17,-14.07,-17.92,-10.37,4.58%,$0.0335,Monthly,July 31
MIN,XMINX,Fixed Income - Taxable-Global Income,-3.00,-1.94,-1.54,2.58,-0.01,2.82,0.36,0.01,-8.51,-6.39,-8.91,-2.33,9.44%,$0.0203,Monthly,October 31
MIO,XMIOX,Fixed Income - Municipal-Municipal,-1.75,-1.97,-1.86,9.24,-0.15,11.17,-0.18,-0.02,-17.28,-14.08,-17.28,-8.44,5.52%,$0.0425,Monthly,April 30
MIY,XMIYX,Fixed Income - Municipal-Municipal - Single-State,-1.67,-2.19,-1.77,9.47,-0.06,11.46,0.17,0.02,-17.36,-13.33,-17.53,-8.02,4.37%,$0.0345,Monthly,July 31
MMD,XMMDX,Fixed Income - Municipal-Municipal,-1.99,-2.81,-2.71,14.35,-0.03,15.49,-0.06,-0.01,-7.36,-0.82,-7.36,4.75,5.02%,$0.0600,Monthly,May 31
MMT,XMMTX,Fixed Income - Taxable-Global Income,-1.02,-1.51,-1.55,4.15,0.02,4.65,0.0,0.0,-10.75,-8.63,-11.42,-4.32,9.35%,$0.0323,Monthly,October 31
MMU,XMMUX,Fixed Income - Municipal-Municipal,-1.30,-1.86,-1.78,8.695,0.03,10.46,0.0,0.0,-16.87,-13.29,-17.32,-7.79,5.04%,$0.0365,Monthly,May 31
MPA,XMPAX,Fixed Income - Municipal-Municipal - Single-State,-2.23,-1.39,-0.85,9.91,-0.06,11.55,0.0,0.0,-14.20,-12.89,-15.85,-9.12,4.12%,$0.0340,Monthly,July 31
MQT,XMQTX,Fixed Income - Municipal-Municipal,-1.68,-2.33,-1.71,8.67,0.02,10.34,0.1,0.01,-16.15,-12.53,-16.83,-7.25,4.84%,$0.0350,Monthly,July 31
MQY,XMQYX,Fixed Income - Municipal-Municipal,-1.19,-1.74,-1.84,9.92,0.01,11.68,0.09,0.01,-15.07,-11.61,-15.51,-7.36,5.26%,$0.0435,Monthly,July 31
MSD,XMSDX,Fixed Income - Taxable-Emerging Market Income,-0.08,0.54,0.93,6.19,0.07,7.02,0.29,0.02,-11.82,-13.11,-16.12,-9.10,13.73%,$0.2125,Quarterly,December 31
MUA,XMUAX,Fixed Income - Municipal-Municipal,-0.59,-1.19,-1.30,8.81,0.0,10.06,0.2,0.02,-12.43,-8.99,-14.09,-2.30,5.52%,$0.0405,Monthly,July 31
MUC,XMUCX,Fixed Income - Municipal-Municipal - CA,-0.23,-0.72,-1.05,9.3,0.01,11.04,0.0,0.0,-15.76,-14.13,-16.92,-9.87,4.32%,$0.0335,Monthly,July 31
MUE,XMUEX,Fixed Income - Municipal-Municipal,-1.28,-1.91,-1.57,8.61,0.01,10.37,0.0,0.0,-16.97,-13.23,-17.70,-5.32,4.04%,$0.0290,Monthly,July 31
MUI,XMUIX,Fixed Income - Municipal-Municipal,-1.51,-2.07,-2.09,9.79,0.01,11.68,0.09,0.01,-16.18,-13.13,-16.52,-9.20,4.17%,$0.0340,Monthly,July 31
MUJ,XMUJX,Fixed Income - Municipal-Municipal - Single-State,-1.63,-2.27,-1.46,9.8,0.03,11.77,0.09,0.01,-16.74,-13.16,-17.13,-4.50,4.59%,$0.0375,Monthly,July 31
MVF,XMVFX,Fixed Income - Municipal-Municipal,-0.85,-1.41,-1.45,5.96,0.04,7.09,0.14,0.01,-15.94,-13.36,-17.37,-8.59,4.23%,$0.0210,Monthly,July 31
MVT,XMVTX,Fixed Income - Municipal-Municipal,-1.10,-1.67,-1.61,9.07,0.0,10.89,0.09,0.01,-16.71,-13.52,-17.57,-7.87,4.17%,$0.0315,Monthly,July 31
MXE,XMXEX,Equity-Emerging Market Equity,-0.20,-0.12,-0.91,8.8002,0.01,12.3,-0.81,-0.1,-28.45,-27.15,-29.51,-24.04,1.36%,$0.1201,Annually,July 31
MYD,XMYDX,Fixed Income - Municipal-Municipal,-1.03,-1.62,-1.74,8.91,0.05,10.63,0.09,0.01,-16.18,-12.97,-17.03,-8.30,4.92%,$0.0365,Monthly,July 31
MYI,XMYIX,Fixed Income - Municipal-Municipal,-0.55,-1.17,-1.64,9.4,0.05,11.08,0.09,0.01,-15.16,-12.23,-16.40,-8.11,5.17%,$0.0405,Monthly,July 31
MYN,XMYNX,Fixed Income - Municipal-Municipal - NY,-1.05,-1.61,-1.94,8.52,0.0,10.26,0.0,0.0,-16.96,-14.06,-17.77,-10.50,4.44%,$0.0315,Monthly,July 31
NAC,XNACX,Fixed Income - Municipal-Municipal - CA,-0.41,-0.95,-1.23,9.41,0.03,11.22,0.09,0.01,-16.13,-14.17,-17.23,-9.21,5.55%,$0.0435,Monthly,February 28
NAD,XNADX,Fixed Income - Municipal-Municipal,-0.76,-1.37,-1.40,9.73,0.1,11.59,0.09,0.01,-16.05,-13.07,-17.36,-6.70,5.43%,$0.0440,Monthly,October 31
NAN,XNANX,Fixed Income - Municipal-Municipal - NY,-0.83,-1.36,-1.75,9.18,0.0,10.99,-0.18,-0.02,-16.47,-13.72,-17.39,-10.27,5.62%,$0.0430,Monthly,February 28
NAZ,XNAZX,Fixed Income - Municipal-Municipal - Single-State,-1.27,-1.82,-1.24,9.29,-0.01,11.2,0.0,0.0,-17.05,-11.38,-17.70,3.53,4.52%,$0.0350,Monthly,February 28
NBB,XNBBX,Fixed Income - Taxable-Taxable Muni,-1.47,-1.86,-1.85,13.87,-0.04,15.54,0.84,0.13,-10.75,-5.99,-11.24,0.06,5.88%,$0.0680,Monthly,March 31
NBH,XNBHX,Fixed Income - Municipal-Municipal,-1.76,-2.24,-1.62,8.85,-0.02,10.72,-0.09,-0.01,-17.44,-12.46,-17.80,-1.86,5.12%,$0.0377,Monthly,October 31
NBXG,XNBXGX,Equity-U.S. Equity,-2.27,-1.47,-1.20,9.4,0.05,11.86,0.08,0.01,-20.74,-18.91,-21.97,-14.14,12.77%,$0.1000,Monthly,October 31
NCA,XNCAX,Fixed Income - Municipal-Municipal - CA,-2.65,-2.94,-2.72,7.82,-0.06,8.69,0.0,0.0,-10.01,-6.38,-10.01,-3.22,4.45%,$0.0290,Monthly,February 28
NCV,XNCVX,Fixed Income - Taxable-Convertibles,-1.37,-1.61,-1.30,2.86,-0.01,3.37,-0.59,-0.02,-15.13,-10.55,-15.73,-0.75,14.27%,$0.0340,Monthly,February 28
NCZ,XNCZX,Fixed Income - Taxable-Convertibles,-2.01,-2.42,-1.97,2.5,-0.05,2.99,-0.66,-0.02,-16.39,-12.21,-16.95,-6.27,14.40%,$0.0300,Monthly,February 28
NDMO,XNDMOX,Fixed Income - Municipal-Municipal,-1.95,-1.32,-1.08,9.13,0.05,9.79,0.0,0.0,-6.74,-3.18,-8.89,8.33,8.15%,$0.0620,Monthly,March 31
NDP,XNDPX,Equity-Sector Equity,1.37,1.72,1.87,31.19,-0.75,35.46,-1.72,-0.62,-12.04,-14.61,-17.42,-10.47,8.08%,$0.6300,Quarterly,November 30
NEA,XNEAX,Fixed Income - Municipal-Municipal,-0.81,-1.39,-1.48,9.35,0.04,11.19,0.09,0.01,-16.44,-13.28,-17.55,-7.11,5.45%,$0.0425,Monthly,October 31
NFJ,XNFJX,Equity-Covered-Call Funds,-1.58,-2.28,-2.86,10.49,-0.03,12.52,-1.34,-0.17,-16.21,-14.01,-17.10,-12.49,9.34%,$0.2450,Quarterly,January 31
NHS,XNHSX,Fixed Income - Taxable-High Yield,-2.21,-0.59,-0.99,7.01,0.01,7.48,0.13,0.01,-6.28,-2.48,-9.31,7.04,15.49%,$0.0905,Monthly,October 31
NIE,XNIEX,Hybrid-U.S. Allocation,-1.81,-1.45,-0.68,18.75,-0.11,21.21,-0.28,-0.06,-11.60,-10.69,-14.09,-8.24,10.67%,$0.5000,Quarterly,January 31
NIM,XNIMX,Fixed Income - Municipal-Municipal,-0.03,-0.62,-1.13,8.49,0.01,9.47,0.11,0.01,-10.35,-8.22,-11.90,-2.62,3.67%,$0.0260,Monthly,March 31
NKX,XNKXX,Fixed Income - Municipal-Municipal - CA,-0.70,-1.04,-1.18,9.92,0.02,11.68,-0.09,-0.01,-15.07,-11.72,-16.47,-3.08,5.50%,$0.0455,Monthly,February 28
NMAI,XNMAIX,Hybrid-Global Allocation,-1.40,-0.55,-0.85,10.63,-0.05,12.5,0.0,0.0,-14.96,-14.11,-16.13,-10.41,11.29%,$0.3000,Quarterly,December 31
NMCO,XNMCOX,Fixed Income - Municipal-Municipal,-2.17,-2.70,-3.06,8.62,0.0,10.07,-0.2,-0.02,-14.40,-5.54,-14.57,0.73,6.33%,$0.0455,Monthly,October 31
NMI,XNMIX,Fixed Income - Municipal-Municipal,-1.29,-1.69,-1.80,8.33,0.0,9.17,0.0,0.0,-9.16,-4.54,-9.95,1.94,4.54%,$0.0315,Monthly,October 31
NML,XNMLX,Equity-MLP,-2.48,-1.34,-0.71,6.41,-0.1,7.68,-1.79,-0.14,-16.54,-15.04,-20.39,-9.66,10.93%,$0.0584,Monthly,November 30
NMS,XNMSX,Fixed Income - Municipal-Municipal - Single-State,-1.72,-2.04,-1.93,9.24,0.01,11.15,0.09,0.01,-17.13,-10.53,-17.53,-4.38,5.32%,$0.0410,Monthly,May 31
NMT,XNMTX,Fixed Income - Municipal-Municipal - Single-State,-1.34,-2.02,-1.74,9.155,0.0,11.05,-3.32,-0.38,-17.15,-13.88,-17.94,-9.14,4.06%,$0.0310,Monthly,May 31
NMZ,XNMZX,Fixed Income - Municipal-Municipal,-2.48,-3.24,-3.32,8.33,-0.04,9.49,0.0,0.0,-12.22,-4.60,-12.22,1.20,6.12%,$0.0425,Monthly,October 31
NNY,XNNYX,Fixed Income - Municipal-Municipal - NY,-2.06,-2.29,-2.52,7.65,-0.02,8.42,0.0,0.0,-9.14,-6.05,-9.14,-2.96,4.39%,$0.0280,Monthly,February 28
NOM,XNOMX,Fixed Income - Municipal-Municipal - Single-State,-1.95,-2.58,-1.43,8.53,-0.01,10.29,-0.1,-0.01,-17.10,-11.32,-17.19,9.56,4.43%,$0.0315,Monthly,May 31
NPCT,XNPCTX,Fixed Income - Taxable-Investment Grade,-0.52,-0.86,-1.12,8.84,0.12,10.54,0.38,0.04,-16.13,-14.59,-17.50,-10.51,11.27%,$0.0830,Monthly,December 31
NPFD,XNPFDX,Fixed Income - Taxable-Preferreds,-1.03,-1.12,-1.32,14.85,-0.03,17.69,-0.45,-0.08,-16.05,-12.86,-17.44,-7.17,6.99%,$0.0865,Monthly,December 31
NPV,XNPVX,Fixed Income - Municipal-Municipal - Single-State,-1.51,-2.01,-1.72,9.0,-0.01,10.84,0.0,0.0,-16.97,-9.42,-17.11,1.34,4.87%,$0.0365,Monthly,May 31
NQP,XNQPX,Fixed Income - Municipal-Municipal - Single-State,-1.42,-1.96,-2.18,9.72,0.01,11.77,0.0,0.0,-17.42,-15.35,-17.74,-12.88,4.01%,$0.0325,Monthly,February 28
NRGX,XNRGXX,Hybrid-Global Allocation,-0.63,0.18,0.33,18.71,-0.15,22.09,-0.94,-0.21,-15.30,-15.82,-20.03,-10.68,4.70%,$0.2200,Quarterly,June 30
NRK,XNRKX,Fixed Income - Municipal-Municipal - NY,0.55,0.59,-0.22,9.08,0.06,10.52,-0.09,-0.01,-13.69,-13.42,-15.57,-9.55,5.42%,$0.0410,Monthly,February 28
NRO,XNROX,Equity-Real Estate,-1.59,-1.17,-1.20,2.51,-0.06,2.9,-1.69,-0.05,-13.45,-8.89,-14.56,0.30,14.92%,$0.0312,Monthly,October 31
NTG,XNTGX,Equity-MLP,-1.14,-1.02,-0.21,32.94,-0.66,39.72,-1.8,-0.73,-17.07,-16.78,-19.76,-13.32,9.35%,$0.7700,Quarterly,November 30
NUV,XNUVX,Fixed Income - Municipal-Municipal,-1.86,-1.99,-2.20,7.91,0.04,8.7,0.0,0.0,-9.08,-5.99,-9.54,-2.72,4.40%,$0.0290,Monthly,October 31
NUW,XNUWX,Fixed Income - Municipal-Municipal,-1.71,-2.20,-2.55,12.52,-0.02,14.22,0.07,0.01,-11.95,-8.71,-11.96,-5.25,4.07%,$0.0425,Monthly,October 31
NVG,XNVGX,Fixed Income - Municipal-Municipal,-0.84,-1.43,-1.34,9.89,0.06,11.81,0.0,0.0,-16.26,-12.95,-17.70,-5.23,6.13%,$0.0505,Monthly,October 31
NXC,XNXCX,Fixed Income - Municipal-Municipal - CA,-1.63,-2.06,-1.51,11.88,-0.01,12.95,0.0,0.0,-8.26,-3.05,-8.38,7.89,4.39%,$0.0435,Monthly,February 28
NXJ,XNXJX,Fixed Income - Municipal-Municipal - Single-State,-1.57,-2.00,-1.64,10.1,0.0,12.2,0.08,0.01,-17.21,-15.22,-17.23,-11.13,4.10%,$0.0345,Monthly,February 28
NXN,XNXNX,Fixed Income - Municipal-Municipal - NY,-1.65,-1.92,-1.13,10.9,-0.1,11.76,-0.08,-0.01,-7.31,-5.37,-10.14,-0.67,4.51%,$0.0410,Monthly,March 31
NXP,XNXPX,Fixed Income - Municipal-Municipal,-1.36,-2.01,-0.72,13.2,-0.19,13.57,0.07,0.01,-2.73,-1.28,-6.30,2.17,4.41%,$0.0485,Monthly,March 31
NZF,XNZFX,Fixed Income - Municipal-Municipal,-0.91,-1.50,-1.47,10.01,0.05,11.99,0.08,0.01,-16.51,-13.29,-17.61,-7.32,6.17%,$0.0515,Monthly,October 31
OCCI,XOCCIX,Fixed Income - Taxable-Senior Loans,-2.17,-2.25,-2.42,6.15,-0.24,6.15,-3.76,-0.24,-20.54,-3.73,-20.54,17.10,35.77%,$0.5500,Quarterly,October 31
OIA,XOIAX,Fixed Income - Municipal-Municipal,-3.57,-3.82,-2.90,4.94,-0.21,5.56,0.0,0.0,-11.15,0.39,-11.15,9.89,6.44%,$0.0265,Monthly,February 28
OPP,XOPPX,Fixed Income - Taxable-High Yield,-1.78,-1.84,-1.83,7.35,0.04,8.87,0.0,0.0,-17.14,-11.79,-17.59,-3.87,16.67%,$0.1021,Monthly,June 30
PAI,XPAIX,Fixed Income - Taxable-Investment Grade,-3.53,-4.03,-2.91,10.65,-0.04,11.9,0.0,0.0,-10.50,-6.98,-10.50,-2.42,5.35%,$0.0475,Monthly,December 31
PAXS,XPAXSX,Fixed Income - Taxable-Multi-Sector,-1.43,-1.27,-1.47,13.03,-0.04,14.07,0.36,0.05,-7.39,-3.45,-9.89,2.19,13.76%,$0.1494,Monthly,June 30
PCF,XPCFX,Fixed Income - Taxable-Convertibles,-1.76,-1.94,-2.05,5.72,-0.01,6.97,0.0,0.0,-17.93,-11.90,-17.93,-2.95,12.67%,$0.0604,Monthly,December 31
PCK,XPCKX,Fixed Income - Municipal-Municipal - CA,-0.34,-0.90,-0.96,4.95,-0.04,5.68,0.0,0.0,-12.85,-6.84,-16.47,9.79,5.21%,$0.0215,Monthly,December 31
PCM,XPCMX,Fixed Income - Taxable-Limited Duration,-2.63,-3.46,-1.95,6.94,-0.01,6.2,0.0,0.0,11.94,31.76,11.38,50.82,13.83%,$0.0800,Monthly,June 30
PCN,XPCNX,Fixed Income - Taxable-Investment Grade,-1.43,-1.71,-1.52,11.22,0.04,10.64,0.28,0.03,5.45,15.10,1.32,29.00,12.03%,$0.1125,Monthly,June 30
PCQ,XPCQX,Fixed Income - Municipal-Municipal - CA,-0.33,-0.83,-0.68,8.23,-0.04,8.99,0.0,0.0,-8.45,6.10,-11.97,58.06,5.25%,$0.0360,Monthly,December 31
PDI,XPDIX,Fixed Income - Taxable-Multi-Sector,-1.71,-2.28,-2.55,15.75,0.18,16.2,0.12,0.02,-2.78,6.83,-4.08,14.91,16.80%,$0.2205,Monthly,June 30
PDO,XPDOX,Fixed Income - Taxable-Global Income,-2.09,-2.66,-2.46,10.74,0.06,11.68,0.26,0.03,-8.05,0.05,-8.33,6.39,14.29%,$0.1279,Monthly,June 30
PDT,XPDTX,Fixed Income - Taxable-Preferreds,0.17,-0.81,-1.39,9.32,-0.08,10.43,-1.6,-0.17,-10.64,-1.61,-13.92,11.52,10.62%,$0.0825,Monthly,October 31
PEO,XPEOX,Equity-Sector Equity,-1.09,-0.20,-0.03,21.4,-0.35,25.45,-1.89,-0.49,-15.91,-15.88,-18.62,-13.01,1.87%,$0.1000,Quarterly,December 31
PFD,XPFDX,Fixed Income - Taxable-Preferreds,-0.80,-1.36,-1.71,8.67,0.01,10.18,-0.29,-0.03,-14.83,-5.39,-17.20,5.01,7.61%,$0.0550,Monthly,November 30
PFL,XPFLX,Fixed Income - Taxable-Multi-Sector,-2.10,-2.65,-3.18,7.09,0.07,7.39,0.14,0.01,-4.06,3.71,-4.88,8.31,13.78%,$0.0814,Monthly,June 30
PFN,XPFNX,Fixed Income - Taxable-Multi-Sector,-1.88,-2.59,-3.19,6.09,0.07,6.5,0.15,0.01,-6.31,2.91,-7.24,8.47,14.15%,$0.0718,Monthly,June 30
PFO,XPFOX,Fixed Income - Taxable-Preferreds,-0.88,-1.40,-1.66,6.97,0.01,8.31,-0.24,-0.02,-16.13,-8.86,-17.38,0.65,7.75%,$0.0450,Monthly,November 30
PGP,XPGPX,Hybrid-Global Allocation,-0.75,-0.87,-1.08,6.13,0.15,6.21,0.16,0.01,-1.29,1.71,-5.76,11.04,13.51%,$0.0690,Monthly,June 30
PGZ,XPGZX,Equity-Real Estate,-0.99,0.37,0.41,8.52,-0.01,9.77,-0.1,-0.01,-12.79,-13.65,-17.68,-8.48,14.79%,$0.1050,Monthly,October 31
PHD,XPHDX,Fixed Income - Taxable-Senior Loans,-2.68,-1.85,-2.02,8.49,0.01,10.02,-0.1,-0.01,-15.27,-11.88,-15.72,-7.60,13.07%,$0.0925,Monthly,November 30
PHK,XPHKX,Fixed Income - Taxable-Multi-Sector,-1.29,-1.65,-1.95,4.22,0.03,4.28,0.23,0.01,-1.40,6.21,-2.35,14.51,13.65%,$0.0480,Monthly,June 30
PHT,XPHTX,Fixed Income - Taxable-High Yield,-1.80,-2.03,-1.43,6.44,-0.04,7.42,0.0,0.0,-13.21,-11.47,-14.80,-7.92,10.25%,$0.0550,Monthly,March 31
PIM,XPIMX,Fixed Income - Taxable-Investment Grade,-1.74,-1.58,-1.36,2.92,-0.02,3.26,0.31,0.01,-10.43,-8.21,-11.14,-3.98,9.04%,$0.0220,Monthly,September 30
PMF,XPMFX,Fixed Income - Municipal-Municipal,-1.82,-2.15,-2.05,7.75,0.04,8.2,0.0,0.0,-5.49,3.28,-5.98,17.56,6.50%,$0.0420,Monthly,December 31
PML,XPMLX,Fixed Income - Municipal-Municipal,-1.75,-2.58,-3.10,6.99,-0.01,7.64,0.0,0.0,-8.51,1.67,-8.51,10.62,6.78%,$0.0395,Monthly,December 31
PMM,XPMMX,Fixed Income - Municipal-Municipal,-1.63,-1.77,-1.30,5.05,0.02,5.77,0.0,0.0,-12.48,-4.91,-13.26,12.66,5.66%,$0.0238,Monthly,October 31
PMO,XPMOX,Fixed Income - Municipal-Municipal,-1.23,-1.67,-1.27,8.64,-0.12,9.87,0.0,0.0,-12.46,-4.71,-14.20,8.72,4.86%,$0.0350,Monthly,April 30
PMX,XPMXX,Fixed Income - Municipal-Municipal,-1.37,-1.97,-1.69,6.13,-0.01,6.96,0.0,0.0,-11.93,-1.34,-12.28,17.07,6.46%,$0.0330,Monthly,December 31
PNF,XPNFX,Fixed Income - Municipal-Municipal - NY,-2.21,-2.86,-2.68,6.41,0.01,7.64,0.0,0.0,-16.10,-2.44,-16.34,9.66,6.27%,$0.0335,Monthly,December 31
PNI,XPNIX,Fixed Income - Municipal-Municipal - NY,-1.37,-2.10,-1.93,6.06,-0.03,7.3,0.0,0.0,-16.99,-9.77,-17.06,0.84,5.84%,$0.0295,Monthly,December 31
PPT,XPPTX,Fixed Income - Taxable-Global Income,-1.36,-1.67,-1.51,3.28,0.0,3.63,0.0,0.0,-9.64,-7.11,-10.33,-1.90,9.51%,$0.0260,Monthly,July 31
PSF,XPSFX,Fixed Income - Taxable-Preferreds,-1.79,-1.25,-1.56,16.66,-0.44,18.35,-0.05,-0.01,-9.21,-5.84,-12.01,1.19,9.08%,$0.1260,Monthly,December 31
PTA,XPTAX,Fixed Income - Taxable-Preferreds,-2.45,-0.63,-0.46,16.51,-0.16,18.29,-0.05,-0.01,-9.73,-8.93,-12.96,-5.00,9.74%,$0.1340,Monthly,October 31
PTY,XPTYX,Fixed Income - Taxable-Investment Grade,-1.14,-0.63,0.04,12.52,0.04,10.29,0.29,0.03,21.67,21.41,9.28,37.06,11.39%,$0.1188,Monthly,June 30
PYN,XPYNX,Fixed Income - Municipal-Municipal - NY,-1.72,-2.49,-1.44,4.89,0.0,5.8,0.0,0.0,-15.69,-4.93,-15.83,23.11,6.09%,$0.0248,Monthly,December 31
PZC,XPZCX,Fixed Income - Municipal-Municipal - CA,-1.34,-1.78,-1.39,6.41,-0.01,6.7,0.0,0.0,-4.33,1.59,-4.63,13.38,5.52%,$0.0295,Monthly,December 31
QQQX,XQQQXX,Equity-Covered-Call Funds,-1.59,-1.68,-2.22,20.38,0.05,22.13,-1.86,-0.42,-7.91,2.89,-10.48,11.19,8.24%,$0.4200,Quarterly,December 31
RA,XRAX,Fixed Income - Taxable-High Yield,-0.70,-1.39,-2.14,12.11,-0.06,14.15,0.07,0.01,-14.42,6.90,-17.10,16.61,11.69%,$0.1180,Monthly,December 31
RCS,XRCSX,Fixed Income - Taxable-Investment Grade,-2.01,-1.27,-0.91,4.72,0.15,3.99,-1.48,-0.06,18.30,23.13,12.79,33.71,12.97%,$0.0510,Monthly,June 30
RFI,XRFIX,Equity-Real Estate,-1.18,-1.46,-1.31,9.7,-0.13,10.03,-1.38,-0.14,-3.29,1.94,-5.98,12.46,9.90%,$0.0800,Monthly,December 31
RFM,XRFMX,Fixed Income - Municipal-Municipal,-2.62,-2.83,-2.59,12.92,-0.11,15.07,0.13,0.02,-14.27,-8.72,-14.27,-3.69,9.15%,$0.0985,Monthly,June 30
RFMZ,XRFMZX,Fixed Income - Municipal-Municipal,-2.42,-3.03,-3.38,11.31,-0.32,13.73,0.15,0.02,-17.63,-10.51,-17.63,-5.60,9.18%,$0.0865,Monthly,June 30
RGT,XRGTX,Equity-Global Equity,-1.92,-2.11,-1.90,7.89,0.02,9.76,-0.1,-0.01,-19.16,-15.83,-19.44,-12.00,1.65%,$0.1300,Annually,December 31
RIV,XRIVX,Hybrid-U.S. Allocation,-2.40,-2.95,-2.05,9.71,-0.02,11.19,-0.09,-0.01,-13.23,-6.22,-13.43,4.40,15.79%,$0.1278,Monthly,July 31
RLTY,XRLTYX,Equity-Real Estate,-0.84,-0.11,-0.31,11.6496,-0.05,13.34,-1.62,-0.22,-12.67,-12.11,-15.77,-7.96,11.33%,$0.1100,Monthly,December 31
RMI,XRMIX,Fixed Income - Municipal-Municipal,-2.06,-2.60,-2.72,13.19,-0.26,15.23,0.2,0.03,-13.39,-4.33,-13.39,4.34,8.86%,$0.0974,Monthly,June 30
RMM,XRMMX,Fixed Income - Municipal-Municipal,-1.92,-2.42,-2.57,12.5,0.02,14.28,0.07,0.01,-12.46,-6.15,-13.15,-0.50,8.75%,$0.0911,Monthly,June 30
RMMZ,XRMMZX,Fixed Income - Municipal-Municipal,-2.62,-2.84,-1.62,13.2,-0.31,15.23,0.2,0.03,-13.33,-9.66,-13.81,-4.76,8.83%,$0.0971,Monthly,June 30
RMT,XRMTX,Equity-U.S. Equity,-1.02,-0.98,-1.23,7.67,-0.04,8.84,-0.56,-0.05,-13.24,-11.49,-13.65,-6.76,8.87%,$0.1700,Quarterly,December 31
RNP,XRNPX,Equity-Real Estate,-1.62,-2.00,-1.59,15.74,-0.18,17.2,-1.26,-0.22,-8.49,-1.85,-9.76,9.98,10.37%,$0.1360,Monthly,December 31
RQI,XRQIX,Equity-Real Estate,-1.44,-1.76,-1.65,9.23,-0.09,10.16,-2.12,-0.22,-9.15,-5.35,-10.21,0.16,10.40%,$0.0800,Monthly,December 31
RSF,XRSFX,Fixed Income - Taxable-High Yield,0.15,0.15,-0.42,15.05,0.03,16.22,0.12,0.02,-7.21,-6.03,-9.64,2.34,11.35%,$0.1424,Monthly,June 30
RVT,XRVTX,Equity-U.S. Equity,0.08,0.01,-0.76,11.93,-0.05,13.7,-0.87,-0.12,-12.92,-10.81,-14.46,-3.99,8.72%,$0.2600,Quarterly,December 31
SBI,XSBIX,Fixed Income - Municipal-Municipal,-1.41,-1.99,-1.73,6.98,-0.01,8.33,-0.12,-0.01,-16.21,-14.37,-16.24,-10.63,4.04%,$0.0235,Monthly,December 31
SCD,XSCDX,Hybrid-Global Allocation,-1.95,-1.11,-1.27,11.42,-0.13,13.46,-1.25,-0.17,-15.16,-13.51,-15.91,-9.67,3.96%,$0.1130,Quarterly,November 30
SDHY,XSDHYX,Fixed Income - Taxable-High Yield,-1.67,-1.99,-1.81,13.95,-0.03,16.41,0.0,0.0,-14.99,-11.96,-15.05,-7.55,9.29%,$0.1080,Monthly,December 31
SOR,XSORX,Hybrid-U.S. Allocation,0.05,0.78,0.16,37.69,0.4,41.24,-0.27,-0.11,-8.61,-8.86,-12.86,-4.00,6.63%,$0.2083,Monthly,December 31
SPXX,XSPXXX,Equity-Covered-Call Funds,-2.35,-2.60,-1.44,13.6,-0.17,14.93,-1.39,-0.21,-8.91,0.27,-8.91,16.12,8.65%,$0.2940,Quarterly,December 31
SRV,XSRVX,Equity-MLP,0.15,0.68,1.31,38.3,-0.29,36.32,-1.52,-0.56,5.45,-5.20,-18.00,11.93,14.10%,$0.4500,Monthly,November 30
STEW,XSTEWX,Equity-U.S. Equity,-2.59,-3.53,-1.97,12.11,-0.1,15.28,-0.71,-0.11,-20.75,-18.41,-20.89,-15.45,4.13%,$0.1250,Quarterly,November 30
STK,XSTKX,Equity-Covered-Call Funds,-1.33,-1.84,-1.82,25.18,-0.13,24.88,-0.2,-0.05,1.21,6.29,0.56,13.38,7.35%,$0.4625,Quarterly,December 31
SWZ,XSWZX,Equity-Single-Country Equity,-1.97,-1.54,-1.64,7.12,-0.11,8.6,-0.92,-0.08,-17.21,-15.10,-17.85,-11.50,6.90%,$0.1229,Quarterly,December 31
TBLD,XTBLDX,Hybrid-Global Allocation,-2.52,-2.66,-2.57,13.77,-0.06,16.42,18.73,2.59,-16.14,-12.95,-16.14,-9.88,9.08%,$0.1042,Monthly,September 30
TDF,XTDFX,Equity-Asia Equity,-2.62,-3.25,-2.73,7.93,0.03,9.74,0.93,0.09,-18.58,-14.55,-18.58,-10.54,32.82%,$1.3014,Semi-Annually,December 31
TEAF,XTEAFX,Equity-Sector Equity,-2.28,-2.64,-2.81,11.14,0.01,14.57,-0.41,-0.06,-23.54,-18.75,-23.92,-12.04,9.69%,$0.0900,Monthly,November 30
TEI,XTEIX,Fixed Income - Taxable-Emerging Market Income,-1.73,-2.42,-1.99,4.44,0.05,5.31,0.38,0.02,-16.38,-9.93,-17.23,-1.19,12.51%,$0.0463,Monthly,December 31
THQ,XTHQX,Equity-Sector Equity,-1.78,-2.58,-3.27,15.33,-0.26,18.9,-6.34,-1.28,-18.89,-11.43,-19.22,-7.30,8.81%,$0.1125,Monthly,September 30
THW,XTHWX,Equity-Sector Equity,-2.65,-3.22,-4.14,9.84,-0.43,10.88,-1.98,-0.22,-9.56,9.17,-9.56,16.46,14.23%,$0.1167,Monthly,September 30
TPZ,XTPZX,Hybrid-U.S. Allocation,2.01,2.09,2.33,13.47,-0.15,15.28,-0.84,-0.13,-11.85,-14.81,-17.49,-11.21,9.35%,$0.1050,Monthly,November 30
TTP,XTTPX,Equity-MLP,-0.32,0.47,0.65,27.3,-0.45,32.13,-1.62,-0.53,-15.03,-15.89,-18.41,-11.73,8.64%,$0.5900,Quarterly,November 30
TY,XTYX,Hybrid-U.S. Allocation,-1.35,-1.55,-1.65,25.17,-0.21,28.93,-0.69,-0.2,-13.00,-11.68,-13.46,-8.91,4.14%,$0.2607,Quarterly,December 31
TYG,XTYGX,Equity-MLP,-1.53,-0.08,0.13,27.45,-0.5,33.22,-1.92,-0.65,-17.37,-17.61,-20.81,-10.88,10.35%,$0.7100,Quarterly,November 30
USA,XUSAX,Equity-U.S. Equity,-0.45,-0.86,-1.25,5.64,-0.07,5.78,-0.69,-0.04,-2.42,-0.09,-5.70,5.26,11.35%,$0.1600,Quarterly,December 31
UTF,XUTFX,Equity-Sector Equity,-0.65,-0.58,-1.07,18.83,0.04,19.69,-1.4,-0.28,-4.37,-1.71,-7.11,4.14,9.88%,$0.1550,Monthly,December 31
UTG,XUTGX,Equity-Sector Equity,-1.77,-1.99,-1.47,23.69,-0.27,23.97,-1.92,-0.47,-1.17,0.28,-3.00,2.85,9.62%,$0.1900,Monthly,October 31
VBF,XVBFX,Fixed Income - Taxable-Investment Grade,-2.06,-1.77,-1.54,13.82,0.04,15.03,0.0,0.0,-8.05,-4.50,-8.32,0.81,5.73%,$0.0660,Monthly,February 28
VCV,XVCVX,Fixed Income - Municipal-Municipal - CA,-0.89,-1.45,-1.80,8.11,-0.04,9.69,0.1,0.01,-16.31,-12.95,-17.07,-8.59,4.73%,$0.0320,Monthly,February 28
VFL,XVFLX,Fixed Income - Municipal-Municipal,-1.42,-1.75,-1.56,8.01,0.0,9.76,0.0,0.0,-17.93,-11.84,-18.65,-2.41,4.87%,$0.0325,Monthly,March 31
VGI,XVGIX,Fixed Income - Taxable-Multi-Sector,-2.78,-2.91,-3.14,6.69,-0.01,8.03,0.25,0.02,-16.69,-11.85,-16.69,-7.83,14.35%,$0.0800,Monthly,November 30
VGM,XVGMX,Fixed Income - Municipal-Municipal,-1.08,-1.69,-1.82,8.25,0.02,9.86,-4.09,-0.42,-16.33,-12.52,-17.07,-7.32,4.97%,$0.0342,Monthly,February 28
VKI,XVKIX,Fixed Income - Municipal-Municipal,-1.48,-2.10,-1.99,7.14,0.0,8.53,0.12,0.01,-16.30,-12.01,-16.89,-6.78,5.19%,$0.0309,Monthly,February 28
VKQ,XVKQX,Fixed Income - Municipal-Municipal,-1.39,-1.99,-1.99,8.04,0.03,9.62,0.1,0.01,-16.42,-12.19,-17.27,-6.60,5.16%,$0.0346,Monthly,February 28
VLT,XVLTX,Fixed Income - Taxable-High Yield,-1.90,-2.56,-2.13,9.36,-0.02,10.78,0.0,0.0,-13.17,-9.50,-13.35,-4.63,12.36%,$0.0964,Monthly,February 28
VMO,XVMOX,Fixed Income - Municipal-Municipal,-0.97,-1.62,-1.87,7.97,0.02,9.51,0.11,0.01,-16.19,-12.29,-17.05,-6.16,5.12%,$0.0340,Monthly,February 28
VPV,XVPVX,Fixed Income - Municipal-Municipal - Single-State,-1.34,-1.74,-1.64,8.61,-0.02,10.31,0.0,0.0,-16.49,-14.87,-16.88,-11.93,4.25%,$0.0305,Monthly,February 28
VTN,XVTNX,Fixed Income - Municipal-Municipal - NY,-1.88,-2.54,-2.14,8.53,-0.01,10.38,0.1,0.01,-17.82,-14.22,-18.09,-9.22,4.50%,$0.0320,Monthly,February 28
VVR,XVVRX,Fixed Income - Taxable-Senior Loans,-1.29,-0.21,-0.10,3.81,0.05,4.09,0.25,0.01,-6.85,-6.62,-11.14,0.24,13.54%,$0.0430,Monthly,February 28
WDI,XWDIX,Fixed Income - Taxable-Multi-Sector,-2.63,-2.95,-2.45,12.24,-0.03,14.41,-0.14,-0.02,-15.06,-11.07,-15.08,-7.62,13.73%,$0.1400,Monthly,December 31
WEA,XWEAX,Fixed Income - Taxable-Investment Grade,-2.02,-1.52,-1.21,9.6,-0.03,10.59,0.09,0.01,-9.35,-6.24,-10.61,-0.54,8.75%,$0.0700,Monthly,December 31
WIA,XWIAX,Fixed Income - Taxable-Investment Grade,-0.88,-0.97,-1.19,7.68,0.02,8.96,0.22,0.02,-14.29,-13.17,-15.29,-10.00,7.81%,$0.0500,Monthly,November 30
WIW,XWIWX,Fixed Income - Taxable-Investment Grade,0.03,-0.35,-0.82,8.22,0.02,9.64,0.21,0.02,-14.73,-13.85,-16.11,-10.89,8.83%,$0.0605,Monthly,November 30
XFLT,XXFLTX,Fixed Income - Taxable-Senior Loans,1.10,0.83,0.98,6.84,0.06,6.52,0.0,0.0,4.91,2.76,-3.88,6.99,14.91%,$0.0850,Monthly,September 30
ZTR,XZTRX,Hybrid-Global Allocation,-0.89,-1.53,-2.22,4.65,-0.02,5.56,-1.07,-0.06,-16.37,-9.81,-17.33,-5.81,12.90%,$0.0500,Monthly,November 30
DMA,XDMAX,Hybrid-U.S. Allocation,0.39,0.91,0.31,6.0,-0.01,10.34,-0.39,-0.04,-41.97,-43.54,-54.46,-35.68,0.88%,$0.0526,Annually,February 28
FSCO,XFSCOX,Fixed Income - Taxable-Multi-Sector,-0.09,0.73,,5.33,0.03,6.98,0.43,0.03,-23.64,,,,12.83%,$0.0570,Monthly,December 31
