Ticker,Nav Ticker,Category,3m Z,6m Z,1y Z,Price,PriceΔ,NAV,NAV%Δ,NAVΔ,Premium/Discount,52W NAV Avg,52W NAV Low,52W NAV High,Current Yield,Distribution Amount,Distribution Frequency,Fiscal Year End
ACP,XACPX,Fixed Income - Taxable-Senior Loans,0.63,-0.08,-0.31,6.73,0.08,6.99,1.9,0.13,-3.06,-1.34,-13.14,16.28,18.05%,$0.1000,Monthly,October 31
ACV,XACVX,Hybrid-U.S. Allocation,0.30,0.82,0.01,20.1,0.14,20.82,1.86,0.38,-4.01,-4.04,-9.07,10.50,10.82%,$0.1800,Monthly,January 31
ADX,XADEX,Equity-U.S. Equity,0.33,0.70,1.23,17.47,0.04,20.32,0.1,0.02,-14.14,-15.19,-16.64,-13.28,26.39%,$1.1500,Quarterly,December 31
AEF,XAEFX,Equity-Emerging Market Equity,1.32,0.47,-0.26,5.0209,0.07,5.9,2.25,0.13,-14.21,-13.80,-17.55,-9.09,7.27%,$0.0900,Quarterly,December 31
AFB,XAFBX,Fixed Income - Municipal-Municipal,0.67,-0.10,-0.49,10.69,0.1,12.62,1.45,0.18,-14.87,-14.23,-17.35,-9.57,3.70%,$0.0327,Monthly,October 31
AFT,XAFTX,Fixed Income - Taxable-Senior Loans,1.71,1.96,1.50,13.55,0.12,15.06,0.07,0.01,-10.41,-12.81,-15.26,-7.84,12.24%,$0.1370,Monthly,December 31
AGD,XAGDX,Equity-Global Equity,0.08,-0.77,-0.91,9.41,0.1,11.0,0.73,0.08,-14.74,-13.34,-16.50,-8.96,8.38%,$0.0650,Monthly,October 31
AIF,XAIFX,Fixed Income - Taxable-High Yield,3.78,4.27,4.03,14.03,0.16,14.77,0.2,0.03,-5.14,-11.98,-15.39,-5.14,11.51%,$0.1330,Monthly,December 31
AIO,XAIOX,Equity-Sector Equity,-1.16,-1.71,-1.24,17.4,0.31,19.82,1.23,0.24,-14.15,-10.79,-15.56,-5.05,10.53%,$0.1500,Monthly,February 28
AOD,XAODX,Equity-Global Equity,-0.89,-1.41,-1.86,8.05,0.06,9.54,0.74,0.07,-15.63,-13.88,-17.12,-11.75,8.64%,$0.0575,Monthly,October 31
ARDC,XADCX,Fixed Income - Taxable-Senior Loans,0.76,1.01,1.28,13.41,0.36,14.27,0.42,0.06,-8.87,-11.05,-14.78,-7.60,10.80%,$0.1175,Monthly,October 31
ASG,XASGX,Equity-U.S. Equity,-1.72,-1.81,-2.45,5.25,0.09,5.67,1.07,0.06,-8.02,-4.88,-8.39,-2.78,7.75%,$0.1000,Quarterly,December 31
ASGI,XAGIX,Fixed Income - Taxable-Global Income,0.92,0.81,0.70,17.975,0.34,20.98,1.55,0.32,-14.62,-15.28,-17.74,-13.44,8.16%,$0.1200,Monthly,September 30
AVK,XAVKX,Fixed Income - Taxable-Convertibles,0.58,-0.51,-1.00,11.0,0.06,12.45,1.88,0.23,-10.47,-7.67,-14.25,-1.51,12.86%,$0.1172,Monthly,October 31
AWF,XAWFX,Fixed Income - Taxable-High Yield,0.08,-0.66,-0.70,10.03,0.05,11.03,1.01,0.11,-8.61,-7.73,-11.19,-4.39,7.88%,$0.0209,Monthly,March 31
AWP,XAWPX,Equity-Real Estate,-1.33,-1.57,-1.39,3.97,0.13,4.34,2.84,0.12,-9.34,-6.45,-10.29,-0.25,12.50%,$0.0400,Monthly,October 31
BBN,XBBNX,Fixed Income - Taxable-Taxable Muni,-1.19,-1.68,-1.41,16.32,0.18,18.02,1.18,0.21,-9.38,-5.51,-10.60,1.73,6.91%,$0.0929,Monthly,July 31
BCAT,XCATX,Hybrid-U.S. Allocation,1.12,0.86,0.87,14.85,-0.14,17.15,0.0,0.0,-11.67,-13.06,-18.44,-10.45,10.21%,$0.1275,Monthly,December 31
BCV,XBCVX,Fixed Income - Taxable-Convertibles,-0.07,-0.59,-0.65,16.09,0.45,18.77,1.84,0.34,-15.14,-14.20,-17.32,-9.77,8.18%,$0.3200,Quarterly,September 30
BCX,XBCRX,Equity-Sector Equity,1.96,0.88,0.32,8.97,0.18,10.44,1.66,0.17,-12.80,-13.23,-16.02,-10.10,7.07%,$0.0518,Monthly,December 31
BDJ,XBDJX,Equity-Covered-Call Funds,1.27,-0.09,-0.89,7.88,0.02,8.8,0.0,0.0,-9.45,-5.22,-15.30,3.09,8.58%,$0.0562,Monthly,December 31
BFK,XBFKX,Fixed Income - Municipal-Municipal,1.36,1.76,0.71,10.23,0.2,11.55,0.79,0.09,-12.48,-13.66,-17.40,-9.78,5.98%,$0.0500,Monthly,July 31
BFZ,XBFZX,Fixed Income - Municipal-Municipal - CA,2.16,0.54,0.53,11.74,0.17,13.06,0.77,0.1,-10.73,-11.85,-16.02,-7.65,5.29%,$0.0510,Monthly,July 31
BGB,XBGBX,Fixed Income - Taxable-Senior Loans,0.87,0.73,0.79,11.34,0.16,12.71,0.71,0.09,-11.41,-12.23,-15.09,-9.79,10.09%,$0.0940,Monthly,December 31
BGH,XBGHX,Fixed Income - Taxable-High Yield,1.71,0.84,0.65,13.48,0.03,15.12,1.41,0.21,-9.79,-10.78,-15.73,-8.18,9.42%,$0.1056,Monthly,December 31
BGR,XBGRX,Equity-Sector Equity,1.20,1.48,0.91,12.41,0.21,13.87,0.0,0.0,-10.88,-11.82,-13.79,-8.66,6.46%,$0.0657,Monthly,December 31
BGT,XBGTX,Fixed Income - Taxable-Senior Loans,0.92,1.25,1.71,12.18,-0.03,12.78,-0.7,-0.09,-5.13,-8.91,-13.41,-4.23,11.82%,$0.1203,Monthly,October 31
BGX,XXBGX,Fixed Income - Taxable-Senior Loans,0.33,0.33,0.72,11.67,0.09,13.14,0.23,0.03,-11.87,-12.88,-15.55,-10.06,10.67%,$0.1030,Monthly,December 31
BGY,XBGYX,Equity-Covered-Call Funds,1.10,0.06,-0.48,5.21,0.0,6.09,0.0,0.0,-13.31,-12.80,-15.66,-9.82,7.79%,$0.0338,Monthly,December 31
BHK,XBHKX,Fixed Income - Taxable-Investment Grade,2.19,2.19,2.40,10.91,0.16,10.83,0.0,0.0,1.03,-2.57,-5.93,1.03,8.33%,$0.0746,Monthly,August 31
BHV,XBHVX,Fixed Income - Municipal-Municipal - Single-State,2.04,1.24,-0.17,10.79,0.09,12.35,0.0,0.0,-13.36,-12.84,-17.80,-5.42,4.43%,$0.0395,Monthly,July 31
BIGZ,XBIGX,Equity-U.S. Equity,1.51,1.69,1.60,7.6,0.09,8.83,0.0,0.0,-13.38,-17.43,-24.12,-12.91,7.17%,$0.0449,Monthly,December 31
BIT,XBITX,Fixed Income - Taxable-Multi-Sector,2.04,2.22,2.51,15.34,-0.01,14.56,0.0,0.0,6.38,0.78,-3.73,6.38,9.67%,$0.1237,Monthly,October 31
BKN,XBKNX,Fixed Income - Municipal-Municipal,0.57,0.23,-0.44,11.75,0.39,13.2,1.38,0.18,-12.75,-11.53,-16.88,-2.54,6.02%,$0.0570,Monthly,July 31
BKT,XBKTX,Fixed Income - Taxable-Investment Grade,2.46,2.22,2.08,12.15,0.09,12.64,0.0,0.0,-2.43,-4.73,-8.33,-2.16,8.78%,$0.0882,Monthly,December 31
BLE,XBLEX,Fixed Income - Municipal-Municipal,1.64,1.82,0.53,10.69,0.14,12.24,1.41,0.17,-12.59,-13.48,-17.20,-9.54,5.91%,$0.0520,Monthly,July 31
BLW,XBLWX,Fixed Income - Taxable-Limited Duration,0.29,0.30,0.13,13.36,0.14,13.91,0.0,0.0,-4.27,-4.47,-7.58,-0.51,9.79%,$0.1079,Monthly,December 31
BME,XBMEX,Equity-Sector Equity,1.61,1.57,-0.27,39.39,-0.37,42.13,0.0,0.0,-4.24,-3.47,-9.55,4.73,6.43%,$0.2130,Monthly,December 31
BMEZ,XBMZX,Equity-Sector Equity,1.61,0.15,-0.02,14.63,0.05,17.5,0.0,0.0,-14.84,-14.81,-19.06,-10.28,7.54%,$0.0916,Monthly,December 31
BMN,XBMNX,Fixed Income - Municipal-Municipal,-0.69,-1.29,-1.90,23.83,0.04,25.88,0.0,0.0,-8.08,-3.89,-9.98,0.07,4.73%,$0.0938,Monthly,December 31
BNY,XBNYX,Fixed Income - Municipal-Municipal - NY,0.93,0.59,-0.23,10.35,0.1,12.22,1.66,0.2,-14.73,-14.27,-17.44,-8.17,5.03%,$0.0430,Monthly,July 31
BOE,XBOEX,Equity-Covered-Call Funds,1.36,0.71,-0.24,9.97,-0.03,11.69,0.0,0.0,-13.42,-13.12,-16.67,-9.56,7.56%,$0.0630,Monthly,December 31
BRW,XPPRX,Fixed Income - Taxable-Senior Loans,1.14,0.92,0.59,7.67,-0.12,8.3,-1.43,-0.12,-7.96,-8.78,-12.72,-5.96,13.10%,$0.0850,Monthly,October 31
BSL,XBSLX,Fixed Income - Taxable-Senior Loans,1.00,0.85,0.91,13.39,0.16,14.71,0.41,0.06,-9.69,-10.72,-14.00,-8.48,10.34%,$0.1140,Monthly,December 31
BST,XBSTX,Equity-Sector Equity,0.39,0.46,-0.09,34.35,-0.07,34.48,0.0,0.0,0.61,0.78,-4.19,6.81,8.72%,$0.2500,Monthly,December 31
BSTZ,XBSZX,Equity-Sector Equity,0.97,-0.12,-0.62,17.15,0.04,21.21,0.0,0.0,-18.45,-16.62,-25.47,-9.10,7.19%,$0.1025,Monthly,December 31
BTA,XBTAX,Fixed Income - Municipal-Municipal,1.56,2.06,2.32,10.27,0.08,10.48,1.55,0.16,-1.26,-5.08,-9.16,1.36,5.12%,$0.0435,Monthly,July 31
BTO,XBTOX,Equity-Sector Equity,-0.46,-0.70,-0.83,30.96,0.87,29.3,5.28,1.47,3.13,6.65,-1.95,21.40,8.64%,$0.6500,Quarterly,December 31
BTT,XBTTX,Fixed Income - Municipal-Municipal,-0.97,-1.57,-1.66,20.67,0.17,23.92,0.67,0.16,-13.72,-10.65,-14.48,-6.20,2.72%,$0.0464,Monthly,July 31
BUI,XBUIX,Equity-Sector Equity,0.21,-0.32,-0.46,21.36,0.19,22.31,0.0,0.0,-3.33,-2.12,-8.26,4.40,6.86%,$0.1210,Monthly,December 31
BWG,XBWGX,Fixed Income - Taxable-Global Income,0.94,0.69,0.21,8.24,0.18,9.35,2.3,0.21,-13.02,-13.41,-17.75,-7.73,11.91%,$0.0800,Monthly,October 31
BXMX,XBXMX,Equity-Covered-Call Funds,0.00,-0.85,-1.41,12.66,-0.24,13.85,-1.42,-0.2,-8.19,-2.96,-10.34,3.17,7.33%,$0.2365,Quarterly,December 31
BYM,XBYMX,Fixed Income - Municipal-Municipal,0.37,-0.19,-0.73,11.09,0.16,12.81,1.26,0.16,-13.60,-12.32,-16.53,-7.96,5.76%,$0.0525,Monthly,July 31
CAF,XCAFX,Equity-Asia Equity,3.50,4.29,1.44,12.2,-0.16,14.47,-0.21,-0.03,-14.76,-18.06,-20.93,-9.66,0.99%,$0.1219,Annually,December 31
CBH,XCBHX,Fixed Income - Taxable-Multi-Sector,1.53,1.41,0.65,8.74,0.07,9.09,0.33,0.03,-3.97,-4.67,-7.09,-1.94,6.37%,$0.0460,Monthly,January 31
CCD,XCCDX,Fixed Income - Taxable-Convertibles,-0.15,-0.63,-1.08,19.72,0.46,19.43,2.16,0.41,1.47,7.82,-0.99,22.57,12.12%,$0.1950,Monthly,October 31
CEE,XCEEX,Equity-Emerging Market Equity,-0.62,-1.15,-1.28,9.39,0.1,9.91,3.01,0.29,-3.43,9.57,-7.49,31.76,2.57%,$0.2387,Annually,October 31
CEF,XCEFX,Equity-Commodities,-0.41,-0.35,-0.86,19.02,0.19,19.22,-0.16,-0.03,-4.89,-4.18,-5.63,1.24,N/A,,Data Not Available,December 31
CEM,XCEMX,Equity-MLP,2.79,3.27,3.34,37.57,0.56,42.16,2.03,0.84,-12.10,-14.93,-18.28,-10.34,8.32%,$0.7700,Quarterly,November 30
CEV,XCEVX,Fixed Income - Municipal-Municipal - CA,1.59,1.54,1.41,10.18,0.02,11.7,0.6,0.07,-12.90,-14.46,-16.62,-11.71,4.04%,$0.0342,Monthly,November 30
CGO,XCGOX,Hybrid-Global Allocation,-0.37,-0.90,-0.94,9.08,0.08,10.11,1.3,0.13,-9.82,-7.32,-12.00,0.39,10.67%,$0.0800,Monthly,October 31
CHI,XCHIX,Fixed Income - Taxable-Convertibles,-1.78,-1.92,-1.59,10.4,0.26,10.06,2.13,0.21,2.94,8.80,0.41,16.91,11.24%,$0.0950,Monthly,October 31
CHN,XXCHNXX,Equity-Asia Equity,1.31,0.34,-0.29,9.98,0.06,11.47,-1.71,-0.2,-14.82,-13.84,-18.53,27.21,6.80%,$0.0185,Annually,October 31
CHW,XCHWX,Hybrid-Global Allocation,-0.70,-1.30,-1.48,5.73,0.05,6.65,1.53,0.1,-13.28,-10.21,-14.14,-4.64,10.56%,$0.0500,Monthly,October 31
CHY,XCHYX,Fixed Income - Taxable-Convertibles,-1.18,0.01,0.32,11.37,0.04,10.63,2.11,0.22,8.84,7.12,-3.00,19.56,10.59%,$0.1000,Monthly,October 31
CIF,XCIFX,Fixed Income - Taxable-High Yield,0.67,0.12,-0.47,1.705,0.03,1.88,1.62,0.03,-9.19,-7.67,-12.57,0.00,10.08%,$0.0141,Monthly,November 30
CII,XCIIX,Equity-Covered-Call Funds,-0.51,-0.77,-0.78,18.53,-0.01,19.47,0.0,0.0,-3.99,-2.68,-6.18,1.10,6.44%,$0.0995,Monthly,December 31
CIK,XCIKX,Fixed Income - Taxable-High Yield,2.88,0.91,1.41,3.055,0.03,2.9,0.35,0.01,2.94,-3.14,-10.55,7.98,8.91%,$0.0225,Monthly,December 31
CLM,XCLMX,Equity-U.S. Equity,-0.21,-0.83,-1.04,7.31,-0.18,6.68,0.15,0.01,12.57,17.25,0.64,26.11,19.67%,$0.1086,Monthly,December 31
CMU,XCMUX,Fixed Income - Municipal-Municipal,-0.60,-0.61,0.18,3.29,0.06,3.77,1.89,0.07,-12.57,-13.00,-16.62,-6.51,4.08%,$0.0110,Monthly,November 30
CPZ,XCPZX,Equity-Global Equity,-0.47,-1.01,-1.32,14.74,0.22,17.39,0.93,0.16,-15.73,-13.87,-17.90,-10.57,11.57%,$0.1400,Monthly,October 31
CRF,XCRFX,Equity-U.S. Equity,-0.22,-0.67,-0.52,7.26,-0.12,6.4,0.16,0.01,15.78,18.13,2.01,29.08,19.07%,$0.1037,Monthly,December 31
CSQ,XCSQX,Hybrid-U.S. Allocation,-0.67,-1.27,-1.50,14.62,0.09,15.16,0.73,0.11,-3.46,-0.38,-4.93,3.77,8.47%,$0.1025,Monthly,October 31
CTR,XCTRX,Equity-MLP,1.35,1.01,1.53,34.35,0.87,38.19,1.89,0.71,-12.81,-16.10,-19.69,-9.76,8.36%,$0.7000,Quarterly,November 30
CUBA,XCUBAX,Equity-U.S. Equity,-1.32,-2.03,-2.91,2.56,0.12,5.1,2.41,0.12,-49.80,-23.66,-52.33,-9.29,28.23%,$0.1736,Quarterly,June 30
CXE,XCXEX,Fixed Income - Municipal-Municipal,1.36,1.05,0.73,3.56,0.05,4.13,1.72,0.07,-13.55,-14.49,-17.20,-11.11,4.27%,$0.0125,Monthly,November 30
CXH,XCXHX,Fixed Income - Municipal-Municipal,-0.84,-0.54,0.23,7.55,0.11,8.65,1.53,0.13,-12.68,-13.19,-16.28,-7.84,3.55%,$0.0220,Monthly,November 30
DBL,XDBLX,Fixed Income - Taxable-Multi-Sector,2.49,2.44,1.86,15.29,0.14,14.71,0.2,0.03,2.59,0.56,-3.76,4.79,8.71%,$0.1100,Monthly,September 30
DCF,XDCFX,Fixed Income - Taxable-Multi-Sector,1.29,1.77,0.50,8.12,-0.01,8.44,0.36,0.03,-3.67,-4.46,-7.55,0.76,5.17%,$0.0350,Monthly,August 31
DFP,XDFPX,Fixed Income - Taxable-Preferreds,1.24,0.07,-0.63,18.29,0.4,20.41,1.39,0.28,-11.13,-8.97,-16.09,-2.15,6.98%,$0.1040,Monthly,November 30
DHF,XDHFX,Fixed Income - Taxable-High Yield,-0.36,-0.82,-0.92,2.29,0.04,2.63,0.77,0.02,-14.45,-13.27,-16.60,-9.80,8.00%,$0.0150,Monthly,March 31
DHY,XDHYX,Fixed Income - Taxable-High Yield,-0.16,-0.05,-0.15,1.97,0.03,2.14,0.47,0.01,-9.86,-9.62,-15.35,-5.31,9.59%,$0.0155,Monthly,October 31
DIAX,XDIAX,Equity-Covered-Call Funds,-0.93,-1.57,-1.43,14.02,-0.14,16.05,-1.47,-0.24,-13.08,-9.09,-14.08,-3.37,8.10%,$0.2867,Quarterly,December 31
DLY,XDLYX,Fixed Income - Taxable-Multi-Sector,-1.09,-0.89,0.24,14.76,0.06,15.39,-0.32,-0.05,-5.83,-6.41,-12.82,-1.17,9.53%,$0.1167,Monthly,September 30
DMB,XDMBX,Fixed Income - Municipal-Municipal,-1.21,-1.62,-2.26,10.3,0.19,11.82,0.6,0.07,-14.47,-8.72,-15.11,-1.36,3.56%,$0.0300,Monthly,February 28
DMF,XDMFX,Fixed Income - Municipal-Municipal,1.95,2.01,1.06,6.51,0.06,7.48,0.4,0.03,-13.77,-14.93,-17.43,-12.24,2.79%,$0.0150,Monthly,September 30
DMO,XDMOX,Fixed Income - Taxable-High Yield,1.17,0.97,1.09,11.07,0.09,12.0,0.5,0.06,-9.05,-11.42,-16.53,-7.48,12.57%,$0.1200,Monthly,December 31
DNP,XDNPX,Equity-Sector Equity,-2.35,-3.21,-3.67,8.76,0.04,8.18,-0.49,-0.04,4.85,23.44,4.85,34.76,8.94%,$0.0650,Monthly,October 31
DPG,XDPGX,Equity-Sector Equity,0.73,-0.12,-0.98,9.52,-0.08,11.09,3.64,0.39,-12.90,-1.18,-16.94,18.70,8.75%,$0.2100,Quarterly,October 31
DSL,XDSLX,Fixed Income - Taxable-Global Income,1.41,1.21,1.50,12.03,-0.2,11.9,-0.25,-0.03,2.77,-0.88,-7.79,3.00,10.79%,$0.1100,Monthly,September 30
DSM,XDSMX,Fixed Income - Municipal-Municipal,1.35,0.36,-0.45,5.67,0.08,6.55,0.46,0.03,-14.72,-13.93,-17.48,-9.60,3.86%,$0.0180,Monthly,November 30
DSU,XDSUX,Fixed Income - Taxable-Senior Loans,2.61,2.58,2.76,10.7,0.01,10.84,0.0,0.0,-1.11,-8.02,-11.99,-1.11,11.08%,$0.0987,Monthly,December 31
DTF,XDTFX,Fixed Income - Municipal-Municipal,-1.55,-1.40,-1.10,10.8,0.07,12.37,0.08,0.01,-13.19,-12.25,-14.13,-9.95,3.63%,$0.0325,Monthly,October 31
EAD,XEADX,Fixed Income - Taxable-High Yield,0.80,0.12,-0.46,6.5,0.09,7.15,0.7,0.05,-11.27,-10.40,-15.28,-5.97,9.68%,$0.0517,Monthly,April 30
ECAT,ECAT,Hybrid-Global Allocation,2.12,2.87,1.85,17.98,0.0,17.98,0.0,0.0,-9.34,-13.29,-19.61,-9.34,9.31%,$0.1250,Monthly,December 31
ECC,XECCX,Fixed Income - Taxable-Senior Loans,0.65,-0.50,-0.86,9.45,-0.07,9.32,0.65,0.06,8.27,15.53,-5.02,31.53,17.65%,$0.1400,Monthly,December 31
ECF,XECFX,Fixed Income - Taxable-Convertibles,-0.81,-1.30,-1.01,8.09,0.16,9.49,1.39,0.13,-15.28,-13.18,-17.62,-7.77,6.56%,$0.1300,Quarterly,September 30
EDD,XEDDX,Fixed Income - Taxable-Emerging Market Income,0.97,1.40,1.65,4.77,0.02,5.41,-0.18,-0.01,-12.36,-14.16,-17.28,-11.40,7.58%,$0.0900,Quarterly,October 31
EDF,XEDFX,Fixed Income - Taxable-Emerging Market Income,0.18,-0.52,-0.75,4.36,0.06,4.3,0.94,0.04,0.94,5.48,-10.22,20.84,16.74%,$0.0600,Monthly,November 30
EDI,XEDIX,Fixed Income - Taxable-Emerging Market Income,-0.32,-0.75,-0.86,5.0898,0.07,5.01,0.6,0.03,-1.20,4.11,-12.47,18.23,16.73%,$0.0700,Monthly,November 30
EEA,XEEAX,Equity-Global Equity,1.52,0.48,-0.45,8.67,0.09,10.43,2.76,0.28,-15.47,-14.76,-17.77,-10.83,0.76%,$0.0325,Semi-Annually,December 31
EFR,XEFRX,Fixed Income - Taxable-Senior Loans,1.05,1.53,1.92,12.67,0.2,13.03,0.15,0.02,-3.15,-8.34,-12.11,-3.01,11.64%,$0.1210,Monthly,October 31
EFT,XEFTX,Fixed Income - Taxable-Senior Loans,0.92,1.19,1.61,12.61,0.2,13.29,0.23,0.03,-6.49,-9.50,-13.54,-6.02,11.41%,$0.1180,Monthly,May 31
EGF,XEGFX,Fixed Income - Taxable-Investment Grade,-0.61,-0.23,0.21,9.751,0.0,10.3,0.0,0.0,-4.32,-4.73,-8.98,0.00,5.05%,$0.0410,Monthly,December 31
EHI,XEHIX,Fixed Income - Taxable-High Yield,0.41,-0.42,-0.32,7.1,0.1,7.33,0.96,0.07,-5.37,-4.29,-11.83,3.76,11.49%,$0.0670,Monthly,May 31
EIC,XEICX,Fixed Income - Taxable-High Yield,2.26,2.52,1.29,14.42,-0.23,14.08,1.96,0.27,11.74,6.77,-1.87,20.09,14.74%,$0.2000,Monthly,December 31
EIM,XEIMX,Fixed Income - Municipal-Municipal,0.23,-0.31,-0.89,9.95,0.11,11.42,0.53,0.06,-14.00,-12.51,-15.54,-7.64,4.06%,$0.0333,Monthly,September 30
EMD,XEMDX,Fixed Income - Taxable-Emerging Market Income,2.12,1.88,1.42,9.36,0.12,10.26,0.49,0.05,-10.09,-12.65,-16.28,-7.88,10.97%,$0.0845,Monthly,December 31
EMF,XEMFX,Equity-Emerging Market Equity,1.97,0.77,-0.15,12.06,0.26,13.92,2.05,0.28,-13.49,-13.25,-16.45,-8.56,6.16%,$0.7270,Annually,August 31
EMO,XEMOX,Equity-MLP,1.81,2.49,2.30,33.36,0.25,36.8,1.88,0.68,-10.11,-13.62,-17.56,-8.52,7.85%,$0.6500,Quarterly,November 30
ENX,XENWX,Fixed Income - Municipal-Municipal - NY,0.99,-0.13,-0.35,9.52,0.18,10.72,0.66,0.07,-12.39,-12.38,-15.67,-8.62,3.82%,$0.0297,Monthly,September 30
EOD,XEODX,Equity-Global Equity,0.10,-0.80,-1.08,4.29,-0.01,4.92,1.03,0.05,-13.76,-8.66,-16.14,1.02,9.93%,$0.1068,Quarterly,October 31
EOI,XEOIX,Equity-Covered-Call Funds,-0.50,-1.15,-1.44,16.23,-0.04,17.04,0.89,0.15,-5.39,-0.90,-5.70,6.19,8.08%,$0.1095,Monthly,September 30
EOS,XEOSX,Equity-Covered-Call Funds,-0.24,-0.69,-0.70,18.42,-0.08,19.55,0.77,0.15,-5.72,-2.88,-7.55,7.22,7.47%,$0.1152,Monthly,December 31
EOT,XEOTX,Fixed Income - Municipal-Municipal,-0.66,-1.25,-1.54,16.59,0.24,18.15,0.55,0.1,-10.19,-5.99,-11.87,-0.56,4.59%,$0.0625,Monthly,March 31
ERC,XERCX,Fixed Income - Taxable-Limited Duration,-1.15,-0.95,-0.73,9.38,0.12,9.89,0.82,0.08,-6.93,-4.35,-9.94,3.11,8.42%,$0.0650,Monthly,October 31
ERH,XERHX,Hybrid-U.S. Allocation,1.03,-0.37,-1.00,9.52,0.07,10.84,3.44,0.36,-12.12,-9.19,-16.82,-5.06,8.36%,$0.0658,Monthly,August 31
ETB,XETBX,Equity-Covered-Call Funds,0.67,-0.58,-1.02,13.08,0.0,14.21,0.35,0.05,-8.76,-4.36,-11.91,3.00,8.55%,$0.0932,Monthly,December 31
ETG,XETGX,Equity-Global Equity,0.50,-0.59,-1.23,17.09,0.15,19.22,1.53,0.29,-12.20,-9.58,-14.48,-5.21,7.09%,$0.1001,Monthly,October 31
ETJ,XETJX,Equity-Covered-Call Funds,0.61,-0.41,-0.68,7.97,0.01,8.5,0.12,0.01,-6.24,-5.22,-9.19,-0.35,8.73%,$0.0579,Monthly,December 31
ETO,XETOX,Hybrid-Global Allocation,0.32,-0.54,-1.16,23.55,0.22,25.84,1.49,0.38,-10.13,-8.39,-11.39,-5.80,7.07%,$0.1374,Monthly,October 31
ETV,XETVX,Equity-Covered-Call Funds,1.00,-0.23,-0.70,12.555,-0.05,13.21,0.3,0.04,-5.62,-1.83,-9.33,7.03,9.03%,$0.0949,Monthly,December 31
ETW,XETWX,Equity-Covered-Call Funds,-0.17,-0.95,-1.54,7.83,0.0,8.99,0.9,0.08,-13.24,-9.22,-15.04,-5.27,8.92%,$0.0582,Monthly,December 31
ETX,XETTX,Fixed Income - Municipal-Municipal,0.29,0.10,-0.63,17.7,0.27,18.88,0.21,0.04,-8.28,-6.54,-10.25,-2.16,4.01%,$0.0583,Monthly,January 31
ETY,XETYX,Equity-Covered-Call Funds,-0.02,-0.85,-1.33,11.99,-0.03,12.7,0.63,0.08,-6.34,-1.91,-8.38,3.35,8.04%,$0.0805,Monthly,October 31
EVF,XEVFX,Fixed Income - Taxable-Senior Loans,1.26,1.55,2.20,6.23,0.11,6.15,0.16,0.01,-0.49,-8.65,-13.17,1.48,11.96%,$0.0610,Monthly,June 30
EVG,XEVGX,Fixed Income - Taxable-Limited Duration,-0.02,0.61,0.10,10.47,0.08,10.99,0.64,0.07,-6.14,-5.71,-10.26,0.00,8.87%,$0.0768,Monthly,October 31
EVM,XEVMX,Fixed Income - Municipal-Municipal - CA,1.14,0.64,0.71,9.11,0.13,10.37,0.58,0.06,-13.48,-14.16,-16.99,-11.65,3.90%,$0.0292,Monthly,September 30
EVN,XEVNX,Fixed Income - Municipal-Municipal,-0.27,-0.83,-1.21,9.77,0.17,11.2,0.54,0.06,-14.45,-11.91,-15.94,-6.56,4.69%,$0.0375,Monthly,November 30
EVT,XEVTX,Hybrid-U.S. Allocation,-0.63,-1.27,-1.88,21.95,0.41,23.99,1.87,0.44,-10.36,-5.56,-11.98,-1.70,8.29%,$0.1488,Monthly,October 31
EVV,XEVVX,Fixed Income - Taxable-Limited Duration,1.96,1.39,-0.02,9.52,0.0,10.5,0.96,0.1,-10.00,-9.27,-14.24,-1.43,9.82%,$0.0779,Monthly,March 31
EXG,XEXGX,Equity-Covered-Call Funds,0.29,-0.61,-1.15,7.76,-0.02,8.77,1.04,0.09,-12.33,-9.08,-13.91,-4.67,8.53%,$0.0553,Monthly,October 31
FAM,XFAMX,Fixed Income - Taxable-Global Income,1.11,0.31,0.87,6.16,0.09,6.82,1.64,0.11,-9.76,-11.30,-14.50,-5.47,11.86%,$0.0600,Monthly,December 31
FAX,XFAPX,Fixed Income - Taxable-Global Income,2.29,3.17,3.65,2.77,-0.02,3.07,1.66,0.05,-7.62,-13.59,-17.14,-7.62,11.83%,$0.0275,Monthly,October 31
FCO,XFCOX,Fixed Income - Taxable-Global Income,1.17,1.32,1.55,6.23,-0.08,3.98,1.79,0.07,61.38,38.17,10.93,64.10,13.31%,$0.0700,Monthly,October 31
FCT,XFCTX,Fixed Income - Taxable-Senior Loans,-0.62,-0.70,0.03,10.02,0.15,11.1,0.27,0.03,-11.21,-11.25,-15.27,-8.00,11.79%,$0.0970,Monthly,May 31
FDEU,XFDEX,Equity-Global Equity,1.32,1.98,1.50,12.59,0.04,12.78,0.63,0.08,-1.49,-6.76,-14.59,0.00,6.67%,$0.0700,Monthly,December 31
FEI,XFEIX,Equity-MLP,0.89,1.56,2.22,8.67,0.06,9.39,1.62,0.15,-8.33,-13.65,-17.50,-6.98,6.97%,$0.0500,Monthly,October 31
FEN,XFENX,Equity-MLP,1.07,1.44,1.48,14.78,0.33,15.92,0.44,0.07,-6.87,-11.38,-15.99,-6.07,8.30%,$0.3000,Quarterly,November 30
FFA,XFFAX,Equity-Covered-Call Funds,-1.38,-1.95,-0.95,18.0,-0.04,18.91,-0.05,-0.01,-5.81,-4.34,-7.44,-0.60,6.98%,$0.3150,Quarterly,December 31
FFC,XFFCX,Fixed Income - Taxable-Preferreds,-0.04,-0.59,-1.06,13.85,0.18,15.77,1.48,0.23,-12.03,-7.67,-15.69,2.04,7.15%,$0.0815,Monthly,November 30
FGB,XFGBX,Equity-Sector Equity,1.28,0.27,-0.12,3.49,0.07,4.09,0.99,0.04,-14.92,-14.68,-19.14,-8.13,9.65%,$0.0825,Quarterly,November 30
FIF,XFIFX,Equity-MLP,0.95,1.57,2.33,16.5,0.19,17.5,0.4,0.07,-5.71,-12.38,-15.74,-4.00,7.36%,$0.1000,Monthly,November 30
FINS,XFINX,Hybrid-U.S. Allocation,0.05,0.73,0.70,12.05,-0.05,13.68,0.44,0.06,-11.55,-12.80,-15.62,-8.83,10.81%,$0.1090,Monthly,January 31
FLC,XFLCX,Fixed Income - Taxable-Preferreds,0.29,-0.37,-1.02,14.63,0.21,16.95,1.44,0.24,-13.70,-10.16,-16.92,-2.60,6.95%,$0.0835,Monthly,November 30
FMN,XFMNX,Fixed Income - Municipal-Municipal,1.71,1.56,0.76,10.78,0.08,12.57,1.45,0.18,-13.64,-14.40,-16.62,-11.01,3.93%,$0.0350,Monthly,November 30
FMY,XFMYX,Fixed Income - Taxable-Investment Grade,1.29,1.54,1.45,11.56,-0.18,12.55,0.8,0.1,-5.28,-7.43,-10.92,-2.77,8.43%,$0.0825,Monthly,October 31
FOF,XFOFX,Hybrid-U.S. Allocation,0.50,0.97,1.01,11.2,0.11,10.66,1.43,0.15,4.03,1.99,-1.60,7.76,9.41%,$0.0870,Monthly,December 31
FPF,XFPFX,Fixed Income - Taxable-Preferreds,1.79,1.18,0.24,16.37,0.2,18.43,1.6,0.29,-10.86,-11.41,-16.56,-5.90,10.20%,$0.1375,Monthly,October 31
FPL,XFPLX,Equity-MLP,0.64,1.30,1.97,6.9,0.06,7.54,0.53,0.04,-8.32,-13.35,-17.09,-5.40,6.58%,$0.0375,Monthly,October 31
FRA,XFRAX,Fixed Income - Taxable-Senior Loans,0.79,0.67,1.24,12.49,0.03,13.14,-0.68,-0.09,-5.82,-8.49,-12.86,-4.10,11.93%,$0.1238,Monthly,August 31
FSD,XFSDX,Fixed Income - Taxable-High Yield,1.44,1.07,0.99,11.57,0.16,12.78,1.67,0.21,-9.62,-10.22,-14.13,-6.70,11.04%,$0.1050,Monthly,October 31
FT,XFUTX,Hybrid-U.S. Allocation,-0.97,-1.35,-1.22,6.749,0.07,7.6,0.66,0.05,-11.52,-9.40,-12.92,-3.64,7.63%,$0.0425,Monthly,August 31
FTF,XFTFX,Fixed Income - Taxable-Limited Duration,1.59,1.64,1.05,6.34,0.02,7.11,0.42,0.03,-12.15,-12.39,-15.89,-9.67,11.05%,$0.0582,Monthly,December 31
FTHY,XFTHYX,Fixed Income - Taxable-High Yield,0.40,-0.37,-0.65,13.94,0.22,15.82,1.28,0.2,-12.37,-11.55,-14.38,-8.02,11.37%,$0.1300,Monthly,May 31
FUND,XFUNX,Equity-U.S. Equity,-1.77,-1.71,-2.23,7.85,0.19,8.8,2.92,0.25,-10.29,-7.07,-11.18,-2.59,6.62%,$0.1270,Quarterly,December 31
FXBY,XFXBX,Equity-U.S. Equity,-2.08,-1.84,-1.50,12.42,0.01,23.29,1.7,0.39,-45.76,-36.77,-47.22,-22.25,2.22%,$0.2752,Annually,December 31
GAB,XGABX,Equity-U.S. Equity,-0.76,-0.88,-1.35,5.18,-0.15,5.11,-1.35,-0.07,2.90,6.83,0.42,14.23,11.26%,$0.1500,Quarterly,December 31
GAM,XGAMX,Equity-U.S. Equity,-0.20,0.13,-0.33,42.75,0.1,51.42,-0.64,-0.33,-17.58,-17.34,-19.06,-14.96,6.21%,$2.6500,Annually,December 31
GBAB,XGBAX,Fixed Income - Taxable-Taxable Muni,0.85,0.86,0.57,16.51,0.15,15.86,0.57,0.09,3.74,2.62,-2.80,7.88,9.22%,$0.1257,Monthly,May 31
GCV,XGCVX,Hybrid-U.S. Allocation,-0.13,-0.86,-1.28,3.58,-0.07,3.83,-1.79,-0.07,-6.41,3.96,-11.36,25.54,13.15%,$0.1200,Quarterly,September 30
GDL,XGDLX,Hybrid-U.S. Allocation,1.55,1.35,0.00,7.98,-0.01,10.16,-0.88,-0.09,-22.05,-22.05,-23.41,-19.58,6.01%,$0.1200,Quarterly,December 31
GDO,XGDOX,Fixed Income - Taxable-Global Income,1.89,1.41,0.37,12.4,0.12,12.91,1.25,0.16,-4.63,-4.11,-6.48,0.51,9.97%,$0.1020,Monthly,October 31
GDV,XGDVX,Equity-U.S. Equity,1.74,0.48,-0.28,21.2,0.09,25.23,0.8,0.2,-15.66,-15.28,-18.55,-12.63,6.25%,$0.1100,Monthly,December 31
GF,XGFNX,Equity-Single-Country Equity,1.64,0.58,-0.27,8.59,0.09,10.57,4.55,0.46,-15.92,-15.49,-18.97,-11.12,0.32%,$0.0136,Semi-Annually,December 31
GGN,XGGNX,Equity-Sector Equity,-0.43,-0.22,0.62,3.76,0.02,3.94,1.29,0.05,-3.86,-5.06,-10.00,-0.81,9.63%,$0.0300,Monthly,December 31
GGT,XGGTX,Equity-Sector Equity,-0.13,-0.26,0.50,5.63,-0.27,3.8,2.98,0.11,55.26,47.66,19.57,84.91,14.92%,$0.2200,Quarterly,December 31
GGZ,XGGZX,Equity-Global Equity,0.65,-0.35,-0.73,11.2101,0.06,13.71,1.71,0.23,-17.28,-16.24,-19.73,-12.61,5.74%,$0.1600,Quarterly,December 31
GHY,XGHYX,Fixed Income - Taxable-High Yield,1.19,0.65,0.63,11.53,0.0,12.7,0.87,0.11,-10.09,-11.01,-14.48,-7.85,10.93%,$0.1050,Monthly,July 31
GIM,XGIMX,Fixed Income - Taxable-Global Income,-0.70,-0.91,-1.22,3.97,0.01,4.43,0.45,0.02,-10.20,-8.11,-12.61,-3.66,8.73%,$0.0288,Monthly,December 31
GLO,XGLOX,Hybrid-Global Allocation,0.55,-0.52,-0.82,4.68,-0.01,5.72,0.18,0.01,-17.86,-15.89,-19.66,-7.52,12.36%,$0.0483,Monthly,October 31
GLQ,XGLQX,Equity-Global Equity,0.44,-0.52,-0.77,5.919,0.03,7.17,0.14,0.01,-17.74,-15.59,-19.67,-6.22,12.20%,$0.0599,Monthly,October 31
GLU,XGLUX,Equity-Sector Equity,-0.91,-1.05,-0.63,13.59,0.36,14.83,0.27,0.04,-10.56,-8.64,-14.19,0.29,9.07%,$0.1000,Monthly,December 31
GLV,XGLVX,Hybrid-Global Allocation,0.50,-0.43,-0.74,5.2,0.01,6.33,0.64,0.04,-17.50,-15.21,-19.53,-4.93,13.81%,$0.0597,Monthly,October 31
GNT,XGNTX,Equity-Covered-Call Funds,0.46,0.15,0.00,5.11,0.08,6.1,1.5,0.09,-16.31,-16.31,-19.57,-12.79,7.16%,$0.0300,Monthly,December 31
GOF,XGOFX,Fixed Income - Taxable-Multi-Sector,-0.25,-1.02,-1.66,13.68,0.07,12.22,-0.57,-0.07,10.74,24.21,-4.70,34.59,16.06%,$0.1821,Monthly,May 31
GRF,XGRFX,Equity-U.S. Equity,0.03,0.03,-0.30,8.8,0.06,10.53,0.67,0.07,-17.38,-16.36,-21.44,2.84,4.00%,$0.3500,Annually,December 31
GRX,XXGRX,Equity-Sector Equity,1.09,-0.08,-0.78,9.2,-0.15,11.38,-0.96,-0.11,-18.62,-17.29,-21.18,-12.56,6.42%,$0.1500,Quarterly,December 31
GUG,XGUGX,Hybrid-Global Allocation,0.07,-0.57,-0.81,14.3,0.21,16.58,1.28,0.21,-13.93,-12.80,-16.59,-9.23,10.11%,$0.1188,Monthly,May 31
GUT,XGUTX,Equity-Sector Equity,0.28,-0.21,0.21,6.26,0.05,2.96,-1.66,-0.05,109.28,107.63,79.26,126.82,9.66%,$0.0500,Monthly,December 31
HEQ,XHEQX,Equity-Global Equity,0.38,-0.84,-1.31,9.885,0.04,11.5,0.7,0.08,-13.84,-6.71,-15.72,3.20,10.16%,$0.2500,Quarterly,December 31
HFRO,XHFOX,Fixed Income - Taxable-Senior Loans,0.69,0.51,-0.15,8.31,0.17,12.71,0.08,0.01,-35.91,-35.14,-48.43,-25.63,11.35%,$0.0770,Monthly,June 30
HGLB,XHGLX,Hybrid-Global Allocation,0.31,-0.26,-0.97,8.23,0.07,11.61,0.69,0.08,-29.23,-24.76,-40.74,-17.12,12.35%,$0.0840,Monthly,September 30
HIE,XHIEX,Equity-U.S. Equity,1.25,1.43,1.60,10.57,0.11,11.25,1.08,0.12,-6.02,-7.26,-10.12,-4.40,5.85%,$0.0510,Monthly,October 31
HIO,XHIOX,Fixed Income - Taxable-High Yield,0.17,0.31,0.28,3.87,0.02,4.24,0.95,0.04,-9.76,-10.08,-13.19,-6.90,11.06%,$0.0355,Monthly,September 30
HIX,XHGIX,Fixed Income - Taxable-High Yield,2.22,0.71,0.41,4.92,0.06,4.75,0.85,0.04,2.97,1.73,-5.22,7.90,12.10%,$0.0490,Monthly,April 30
HNW,XHNWX,Fixed Income - Taxable-High Yield,2.09,2.83,2.34,10.9584,0.1,12.1,0.58,0.07,-11.31,-12.96,-15.10,-9.07,9.94%,$0.0900,Monthly,April 30
HPF,XHPFX,Fixed Income - Taxable-Preferreds,0.34,0.12,-0.17,15.84,0.61,15.25,1.8,0.27,1.67,2.12,-3.24,10.06,9.73%,$0.1235,Monthly,July 31
HPI,XHPIX,Fixed Income - Taxable-Preferreds,0.31,-0.18,-0.57,15.33,0.19,15.37,1.79,0.27,0.26,1.50,-4.51,8.27,9.79%,$0.1235,Monthly,July 31
HPS,XHPSX,Fixed Income - Taxable-Preferreds,-1.02,-1.58,-1.74,13.67,0.38,13.73,1.7,0.23,-1.56,3.26,-3.11,12.69,9.93%,$0.1100,Monthly,July 31
HQH,XHQHX,Equity-Sector Equity,0.33,-0.64,-1.10,16.25,0.2,19.43,3.13,0.59,-17.14,-14.28,-19.59,-8.86,9.47%,$0.3800,Quarterly,September 30
HQL,XHQLX,Equity-Sector Equity,3.17,1.26,0.26,13.15,0.16,15.7,3.49,0.53,-17.21,-14.90,-19.62,-10.56,9.24%,$0.3000,Quarterly,September 30
HTD,XHTDX,Hybrid-U.S. Allocation,-0.57,-1.21,-1.67,19.08,0.08,21.55,0.33,0.07,-11.83,-4.93,-13.61,1.90,8.72%,$0.1380,Monthly,October 31
HTY,XHTYX,Equity-Global Equity,-0.33,-0.81,-0.87,4.51,0.03,5.21,0.0,0.0,-14.01,-11.43,-16.06,-3.35,14.29%,$0.1600,Quarterly,October 31
HYB,XHYBX,Fixed Income - Taxable-High Yield,0.26,0.15,-0.19,7.11,0.09,8.05,0.37,0.03,-14.91,-14.62,-17.89,-9.86,6.84%,$0.0400,Monthly,December 31
HYI,XHYIX,Fixed Income - Taxable-High Yield,1.22,1.42,0.73,11.78,0.04,12.34,0.65,0.08,-5.79,-5.18,-7.59,-0.56,9.71%,$0.0950,Monthly,May 31
HYT,XHYTX,Fixed Income - Taxable-High Yield,2.50,1.58,1.78,9.27,0.04,9.54,0.0,0.0,-2.43,-5.84,-9.85,-1.38,10.13%,$0.0779,Monthly,December 31
IAE,XIAEX,Equity-Asia Equity,1.18,0.48,-0.18,5.9898,0.08,6.97,1.16,0.08,-14.22,-14.00,-16.85,-9.87,10.83%,$0.1600,Quarterly,February 28
IAF,XIAFX,Equity-Single-Country Equity,-0.57,-1.19,-1.26,4.19,0.05,4.83,1.68,0.08,-12.88,-10.23,-15.42,-2.63,10.63%,$0.1100,Quarterly,October 31
IDE,XIDEX,Equity-Global Equity,1.29,1.32,1.51,10.12,0.1,11.69,1.21,0.14,-13.25,-15.05,-17.43,-12.20,9.14%,$0.2290,Quarterly,February 28
IFN,XIFNX,Equity-Asia Equity,0.13,0.76,1.26,18.4,0.33,17.6,0.57,0.1,3.26,-0.95,-9.13,7.05,9.08%,$0.4100,Quarterly,December 31
IGA,XIGAX,Equity-Covered-Call Funds,2.09,2.46,1.18,8.78,0.05,9.87,-0.3,-0.03,-11.82,-13.77,-17.25,-9.07,9.03%,$0.1970,Quarterly,February 28
IGD,XIGDX,Equity-Covered-Call Funds,0.10,-0.79,-1.15,5.0,0.03,5.8,-0.17,-0.01,-14.46,-12.62,-15.98,-8.90,9.66%,$0.0400,Monthly,February 28
IGI,XIGIX,Fixed Income - Taxable-Investment Grade,0.33,0.59,0.44,17.2,0.45,17.58,1.44,0.25,-3.72,-4.13,-6.01,-0.99,4.91%,$0.0695,Monthly,November 30
IGR,XIGRX,Equity-Real Estate,-1.22,-1.42,-1.26,5.31,0.27,5.89,4.25,0.24,-14.34,-10.23,-18.50,1.36,14.29%,$0.0600,Monthly,December 31
IHD,XIHDX,Equity-Emerging Market Equity,1.89,1.28,0.39,5.11,0.05,5.93,1.54,0.09,-13.36,-13.86,-17.22,-9.09,10.67%,$0.1350,Quarterly,February 28
IHIT,XHITX,Fixed Income - Taxable-High Yield,1.17,1.88,2.23,6.92,-0.01,6.94,0.0,0.0,-0.33,-4.27,-7.23,-0.07,3.47%,$0.0200,Monthly,February 28
IHTA,XHTAX,Fixed Income - Taxable-High Yield,1.24,0.69,-0.34,6.88,0.02,7.47,-0.53,-0.04,-8.66,-7.78,-11.81,-0.12,4.64%,$0.0265,Monthly,February 28
IIF,XIIFX,Equity-Asia Equity,2.82,2.37,1.18,21.32,-2.99,29.26,0.65,0.19,-16.92,-18.33,-21.39,-14.39,12.90%,$3.1357,Annually,December 31
IIM,XIIMX,Fixed Income - Municipal-Municipal,0.31,-0.48,-0.93,11.72,0.13,13.55,1.19,0.16,-13.44,-11.39,-15.92,-5.94,4.57%,$0.0441,Monthly,February 28
INSI,XBDFX,Fixed Income - Taxable-Investment Grade,2.57,1.18,0.75,15.88,0.13,17.47,1.1,0.19,-9.66,-9.58,-11.38,-6.73,5.08%,$0.2000,Quarterly,March 31
IQI,XIQIX,Fixed Income - Municipal-Municipal,0.25,-0.49,-1.01,9.45,0.11,11.1,1.37,0.15,-14.70,-12.86,-16.47,-8.10,4.39%,$0.0342,Monthly,February 28
ISD,XISDX,Fixed Income - Taxable-High Yield,2.68,1.68,1.21,12.42,-0.02,13.73,1.1,0.15,-10.24,-10.19,-13.90,-6.67,10.13%,$0.1050,Monthly,July 31
JCE,XJCEX,Equity-U.S. Equity,2.44,3.17,1.15,13.61,-0.41,13.14,-2.59,-0.35,3.93,-0.74,-6.39,16.18,9.13%,$0.3200,Quarterly,December 31
JEQ,XJEQX,Equity-Asia Equity,-1.43,-1.52,-1.25,5.55,0.01,6.65,-0.3,-0.02,-16.94,-15.00,-18.43,-10.34,7.22%,$0.1000,Quarterly,October 31
JFR,XJFRX,Fixed Income - Taxable-Senior Loans,0.39,0.48,-0.31,8.19,0.06,9.18,-0.43,-0.04,-11.82,-11.23,-15.47,-6.59,12.55%,$0.0850,Monthly,July 31
JGH,XJGHX,Fixed Income - Taxable-Global Income,2.01,1.90,1.58,12.07,0.06,13.2,1.07,0.14,-8.04,-10.99,-14.25,-6.22,10.34%,$0.1035,Monthly,December 31
JHAA,XJAAX,Fixed Income - Taxable-High Yield,1.42,1.71,2.07,9.7041,0.0,9.72,0.0,0.0,-0.16,-2.36,-4.89,0.00,2.29%,$0.0185,Monthly,December 31
JHI,XJHIX,Fixed Income - Taxable-Investment Grade,1.40,0.44,-0.28,12.89,0.07,14.33,1.2,0.17,-9.47,-8.93,-13.36,-3.77,8.26%,$0.2648,Quarterly,October 31
JHS,XJHSX,Fixed Income - Taxable-Investment Grade,-0.76,-1.32,-1.48,10.82,0.14,12.0,1.01,0.12,-10.08,-8.24,-11.03,-4.83,4.78%,$0.1277,Quarterly,October 31
JLS,XJLSX,Fixed Income - Taxable-High Yield,1.73,2.39,2.66,17.12,0.14,18.72,-0.53,-0.1,-9.78,-14.08,-16.53,-6.83,10.04%,$0.1420,Monthly,December 31
JMM,XJMMX,Fixed Income - Taxable-Investment Grade,-1.44,-1.48,-1.10,5.8,0.03,6.44,0.62,0.04,-9.84,-8.30,-10.89,-4.95,5.72%,$0.0275,Monthly,June 30
JOF,XXJOFXX,Equity-Asia Equity,1.40,-0.23,-0.47,7.5,-0.05,9.34,1.3,0.12,-18.11,-17.30,-21.72,-12.03,3.52%,$0.2655,Annually,February 28
JPC,XJPCX,Fixed Income - Taxable-Preferreds,2.01,0.57,-0.36,6.76,0.05,7.68,0.79,0.06,-11.94,-11.07,-15.70,-4.40,8.49%,$0.0475,Monthly,July 31
JPI,XJPIX,Fixed Income - Taxable-Preferreds,0.93,0.70,-0.10,18.25,0.34,19.0,0.69,0.13,-5.09,-4.96,-7.42,-0.61,6.57%,$0.0980,Monthly,July 31
JPS,XJPSX,Fixed Income - Taxable-Preferreds,1.49,0.61,-0.32,6.21,0.01,7.09,0.71,0.05,-12.55,-11.82,-16.91,-6.61,6.95%,$0.0359,Monthly,July 31
JPT,XJPTX,Fixed Income - Taxable-Preferreds,1.53,0.81,-0.41,15.87,0.11,17.97,0.39,0.07,-12.30,-11.10,-16.75,-0.30,8.49%,$0.1115,Monthly,July 31
JQC,XJQCX,Fixed Income - Taxable-Senior Loans,2.98,3.34,1.55,5.3,0.02,5.88,-0.17,-0.01,-10.36,-12.77,-15.85,-8.57,12.27%,$0.0540,Monthly,July 31
JRI,XJRIX,Hybrid-Global Allocation,1.10,0.98,0.45,11.83,0.31,13.57,1.27,0.17,-14.03,-14.60,-17.78,-11.46,10.42%,$0.1000,Monthly,December 31
JRS,XJRSX,Equity-Real Estate,0.15,-0.25,-0.87,7.86,0.16,8.91,1.6,0.14,-13.06,-10.40,-16.53,-2.72,8.83%,$0.1700,Quarterly,December 31
KF,XKFDX,Equity-Asia Equity,0.86,-0.16,-0.57,22.69,0.38,26.52,-0.19,-0.05,-16.88,-15.60,-21.68,-11.06,14.88%,$3.3189,Annually,June 30
KIO,XKIOX,Fixed Income - Taxable-High Yield,1.69,1.98,2.12,12.41,0.03,13.17,0.38,0.05,-6.40,-9.89,-14.59,-5.03,11.78%,$0.1215,Monthly,October 31
KMF,XKMFX,Equity-MLP,-2.66,-1.89,-0.96,6.715,0.01,8.17,0.12,0.01,-17.81,-16.41,-20.78,-13.47,9.53%,$0.1600,Quarterly,November 30
KSM,XKSMX,Fixed Income - Municipal-Municipal,1.43,1.61,1.31,8.71,0.19,9.98,1.73,0.17,-13.15,-14.37,-16.24,-11.79,3.66%,$0.0260,Monthly,November 30
KTF,XKTFX,Fixed Income - Municipal-Municipal,0.97,0.88,0.00,8.81,0.1,10.37,1.57,0.16,-14.69,-14.70,-17.29,-10.69,3.65%,$0.0265,Monthly,November 30
KYN,XKYNX,Equity-MLP,-0.21,-0.81,-1.12,8.53,0.08,10.25,1.59,0.16,-17.56,-15.30,-19.77,-10.19,9.94%,$0.2100,Quarterly,November 30
LDP,XLDPX,Fixed Income - Taxable-Preferreds,1.40,0.75,0.45,19.02,0.48,20.06,0.25,0.05,-7.58,-8.55,-13.44,-3.39,8.48%,$0.1310,Monthly,December 31
LEO,XLEOX,Fixed Income - Municipal-Municipal,1.30,-0.31,-0.99,5.86,0.03,6.81,0.29,0.02,-14.39,-11.74,-17.19,-5.26,3.91%,$0.0190,Monthly,September 30
LGI,XLGIX,Equity-Global Equity,0.20,-0.65,-1.10,15.09,0.17,17.67,0.8,0.14,-14.89,-11.55,-17.19,-5.07,7.51%,$0.0934,Monthly,December 31
MAV,XPMAX,Fixed Income - Municipal-Municipal,0.92,0.68,-0.15,7.89,0.1,9.05,0.11,0.01,-14.60,-14.35,-17.94,-9.53,4.24%,$0.0275,Monthly,March 31
MCI,XMCIX,Fixed Income - Taxable-High Yield,1.85,2.51,2.77,17.01,0.29,16.93,0.47,0.08,5.39,-10.21,-20.70,9.58,8.85%,$0.3700,Quarterly,December 31
MCN,XMCNX,Equity-Covered-Call Funds,1.35,0.72,-0.55,7.26,-0.08,7.14,1.42,0.1,2.80,5.08,-1.36,16.83,9.81%,$0.1800,Quarterly,December 31
MCR,XMCRX,Fixed Income - Taxable-High Yield,1.55,1.18,0.21,6.36,0.05,6.94,1.46,0.1,-7.75,-8.15,-10.99,-1.60,8.36%,$0.0440,Monthly,November 30
MEGI,XMEGI,Equity-Sector Equity,1.88,1.34,1.73,13.2,0.22,15.32,2.82,0.42,-14.70,-15.37,-18.25,-11.71,11.56%,$0.1250,Monthly,May 31
MFD,XMFDX,Equity-Sector Equity,0.44,-0.17,-0.63,7.81,0.08,9.09,0.55,0.05,-14.03,-12.69,-18.25,-7.54,10.35%,$0.2000,Quarterly,November 30
MFM,XMFMX,Fixed Income - Municipal-Municipal,0.63,0.09,-0.01,5.23,0.14,5.99,1.53,0.09,-13.73,-13.72,-16.82,-9.46,4.13%,$0.0175,Monthly,October 31
MFV,XMFVX,Hybrid-U.S. Allocation,1.03,0.99,-0.15,4.18,0.04,4.43,0.91,0.04,-5.69,-5.35,-9.07,2.18,10.26%,$0.0354,Monthly,October 31
MGF,XMGFX,Fixed Income - Taxable-Investment Grade,1.25,0.77,0.76,3.21,0.01,3.41,0.89,0.03,-5.33,-5.96,-8.46,-3.28,7.38%,$0.0197,Monthly,November 30
MHD,XMHDX,Fixed Income - Municipal-Municipal,1.42,1.34,0.07,11.79,0.1,13.71,1.41,0.19,-13.54,-13.66,-16.93,-8.03,5.39%,$0.0525,Monthly,July 31
MHF,XMHFX,Fixed Income - Municipal-Municipal,-1.80,-1.65,-1.73,6.46,0.08,7.26,0.41,0.03,-12.72,-10.26,-13.12,-6.56,3.91%,$0.0220,Monthly,October 31
MHI,XMHIX,Fixed Income - Municipal-Municipal,0.48,0.28,-0.39,8.43,0.08,9.75,0.1,0.01,-15.09,-14.46,-18.11,-10.14,3.95%,$0.0275,Monthly,April 30
MHN,XMHNX,Fixed Income - Municipal-Municipal - NY,1.34,0.89,0.07,10.48,0.11,12.27,1.49,0.18,-14.23,-14.32,-17.92,-10.37,5.03%,$0.0435,Monthly,July 31
MIN,XMINX,Fixed Income - Taxable-Global Income,1.20,0.36,0.47,2.76,0.02,2.92,0.34,0.01,-5.84,-6.49,-9.25,-2.33,8.83%,$0.0202,Monthly,October 31
MIO,XMIOX,Fixed Income - Municipal-Municipal,-1.06,-1.46,-1.46,10.36,0.1,12.2,0.16,0.02,-16.58,-14.35,-17.55,-9.67,4.97%,$0.0425,Monthly,April 30
MIY,XMIYX,Fixed Income - Municipal-Municipal - Single-State,2.20,1.98,0.60,11.68,0.28,13.08,0.0,0.0,-12.84,-13.96,-17.53,-8.97,4.89%,$0.0465,Monthly,July 31
MMD,XMMDX,Fixed Income - Municipal-Municipal,-0.30,-1.01,-1.42,16.27,0.27,16.93,0.47,0.08,-5.10,-1.19,-7.36,4.75,4.50%,$0.0600,Monthly,May 31
MMT,XMMTX,Fixed Income - Taxable-Global Income,1.17,-0.12,-0.66,4.57,0.05,5.09,1.6,0.08,-9.78,-8.84,-11.42,-4.32,8.52%,$0.0321,Monthly,October 31
MMU,XMMUX,Fixed Income - Municipal-Municipal,0.42,0.09,-0.64,10.15,0.24,11.61,0.52,0.06,-14.89,-13.72,-17.32,-9.64,4.42%,$0.0415,Monthly,May 31
MPA,XMPAX,Fixed Income - Municipal-Municipal - Single-State,-0.20,-0.55,0.10,11.55,0.13,13.2,1.07,0.14,-12.56,-12.70,-15.85,-9.12,5.04%,$0.0480,Monthly,July 31
MPV,XMPVX,Fixed Income - Taxable-High Yield,1.79,2.39,2.17,14.08,-0.12,15.54,0.58,0.09,-5.22,-13.14,-24.75,-2.87,9.58%,$0.3400,Quarterly,December 31
MQT,XMQTX,Fixed Income - Municipal-Municipal,1.46,1.75,0.38,10.27,0.08,11.61,0.0,0.0,-12.31,-13.00,-16.83,-7.67,5.77%,$0.0490,Monthly,July 31
MQY,XMQYX,Fixed Income - Municipal-Municipal,2.04,2.10,1.16,12.09,0.19,13.37,1.29,0.17,-9.85,-11.91,-15.51,-7.50,5.85%,$0.0580,Monthly,July 31
MSD,XMSDX,Fixed Income - Taxable-Emerging Market Income,0.25,0.93,1.48,6.72,-0.1,7.54,-0.92,-0.07,-10.38,-12.73,-16.12,-7.70,11.73%,$0.2000,Quarterly,December 31
MUA,XMUAX,Fixed Income - Municipal-Municipal,1.46,1.53,0.44,10.58,0.14,11.48,1.32,0.15,-7.86,-9.05,-14.09,-2.30,6.38%,$0.0555,Monthly,July 31
MUC,XMUCX,Fixed Income - Municipal-Municipal - CA,1.77,1.82,0.64,10.97,0.08,12.77,1.27,0.16,-13.64,-14.47,-16.92,-10.49,5.34%,$0.0485,Monthly,July 31
MUE,XMUEX,Fixed Income - Municipal-Municipal,0.86,0.74,-0.11,10.05,0.16,11.66,1.3,0.15,-14.07,-13.88,-17.70,-9.63,5.46%,$0.0450,Monthly,July 31
MUI,XMUIX,Fixed Income - Municipal-Municipal,1.26,1.10,0.16,11.62,0.14,13.39,1.21,0.16,-13.23,-13.44,-16.52,-9.90,5.75%,$0.0550,Monthly,July 31
MUJ,XMUJX,Fixed Income - Municipal-Municipal - Single-State,0.98,0.51,-0.29,11.39,0.14,13.28,1.07,0.14,-14.38,-13.97,-17.13,-9.42,5.33%,$0.0500,Monthly,July 31
MVF,XMVFX,Fixed Income - Municipal-Municipal,1.19,1.51,0.45,6.96,0.06,8.07,1.38,0.11,-12.99,-13.67,-17.37,-8.72,5.22%,$0.0300,Monthly,July 31
MVT,XMVTX,Fixed Income - Municipal-Municipal,1.17,0.96,0.05,10.76,0.13,12.51,1.38,0.17,-13.86,-13.94,-17.57,-9.82,5.70%,$0.0505,Monthly,July 31
MXE,XMXEX,Equity-Emerging Market Equity,2.08,1.97,0.34,11.12,0.43,15.27,4.23,0.62,-27.03,-27.51,-29.77,-24.30,1.12%,$0.1201,Annually,July 31
MXF,XXMXFXX,Equity-Emerging Market Equity,2.07,1.91,0.96,18.7,0.58,22.18,2.02,0.44,-17.94,-19.61,-22.93,-16.19,4.42%,$0.2000,Quarterly,October 31
MYD,XMYDX,Fixed Income - Municipal-Municipal,1.34,1.29,0.26,10.65,0.1,12.28,1.4,0.17,-12.88,-13.32,-17.03,-9.07,5.97%,$0.0525,Monthly,July 31
MYI,XMYIX,Fixed Income - Municipal-Municipal,1.39,1.46,0.75,11.32,0.14,12.73,1.19,0.15,-11.13,-12.40,-16.40,-8.11,5.96%,$0.0555,Monthly,July 31
MYN,XMYNX,Fixed Income - Municipal-Municipal - NY,1.34,0.86,0.32,10.18,0.09,11.9,1.62,0.19,-13.83,-14.27,-17.77,-10.68,5.26%,$0.0442,Monthly,July 31
NAC,XNACX,Fixed Income - Municipal-Municipal - CA,0.88,0.49,-0.17,10.93,0.15,12.79,1.11,0.14,-14.78,-14.57,-17.23,-10.66,4.84%,$0.0435,Monthly,February 28
NAD,XNADX,Fixed Income - Municipal-Municipal,1.45,1.17,-0.04,11.41,0.14,13.19,1.0,0.13,-13.71,-13.63,-17.36,-6.70,4.68%,$0.0440,Monthly,October 31
NAN,XNANX,Fixed Income - Municipal-Municipal - NY,1.35,0.67,-0.29,10.815,0.12,12.66,1.28,0.16,-14.44,-14.00,-17.39,-10.27,4.82%,$0.0430,Monthly,February 28
NAZ,XNAZX,Fixed Income - Municipal-Municipal - Single-State,1.25,0.55,-0.56,10.81,0.12,12.66,1.04,0.13,-14.68,-12.97,-17.70,-5.86,3.93%,$0.0350,Monthly,February 28
NBB,XNBBX,Fixed Income - Taxable-Taxable Muni,-0.34,-0.95,-1.19,15.71,0.2,17.32,1.05,0.18,-9.51,-6.69,-11.24,-0.77,5.69%,$0.0735,Monthly,March 31
NBH,XNBHX,Fixed Income - Municipal-Municipal,1.24,0.44,-0.51,10.35,0.23,12.03,1.52,0.18,-14.60,-13.20,-17.80,-1.86,4.48%,$0.0377,Monthly,October 31
NBXG,XNBGX,Equity-U.S. Equity,-0.71,-0.80,0.05,11.01,0.09,13.46,0.22,0.03,-18.69,-18.77,-21.97,-14.14,10.99%,$0.1000,Monthly,October 31
NCA,XNCAX,Fixed Income - Municipal-Municipal - CA,0.56,0.39,0.04,8.79,0.09,9.35,0.54,0.05,-6.45,-6.51,-10.01,-3.22,4.00%,$0.0290,Monthly,February 28
NCV,XNCVX,Fixed Income - Taxable-Convertibles,0.40,-0.15,-0.53,3.33,0.05,3.74,1.63,0.06,-12.77,-10.97,-15.73,-0.75,12.44%,$0.0340,Monthly,February 28
NCZ,XNCZX,Fixed Income - Taxable-Convertibles,1.27,0.22,-0.18,2.97,0.06,3.33,1.83,0.06,-12.54,-12.17,-16.39,-6.27,12.37%,$0.0300,Monthly,February 28
NDMO,XNDMX,Fixed Income - Municipal-Municipal,-0.95,-1.09,-1.00,10.12,0.02,10.9,0.83,0.09,-6.57,-3.22,-9.20,8.33,7.37%,$0.0620,Monthly,October 31
NDP,XNDPX,Equity-Sector Equity,-1.54,-2.01,-1.88,28.68,0.81,33.91,1.53,0.51,-17.57,-14.79,-18.34,-10.36,9.04%,$0.6300,Quarterly,November 30
NEA,XNEAX,Fixed Income - Municipal-Municipal,0.98,0.77,-0.13,11.02,0.12,12.83,1.18,0.15,-14.04,-13.83,-17.55,-7.62,4.68%,$0.0425,Monthly,October 31
NFJ,XNFJX,Equity-Covered-Call Funds,-0.55,-1.19,-1.75,12.23,0.19,14.31,2.51,0.35,-15.83,-14.23,-17.10,-12.49,8.14%,$0.2450,Quarterly,January 31
NHS,XNHSX,Fixed Income - Taxable-High Yield,-1.55,-0.83,-0.88,7.55,-0.01,8.01,0.88,0.07,-6.17,-2.89,-9.31,7.04,14.37%,$0.0905,Monthly,October 31
NIE,XNIEX,Hybrid-U.S. Allocation,-1.32,-1.73,-1.17,20.82,0.18,23.45,1.34,0.31,-11.84,-10.50,-14.09,-8.24,9.69%,$0.5000,Quarterly,January 31
NIM,XNIMX,Fixed Income - Municipal-Municipal,-0.53,-1.17,-1.37,8.88,0.05,10.01,0.5,0.05,-11.35,-8.73,-12.56,-3.79,3.53%,$0.0260,Monthly,March 31
NKX,XNCMX,Fixed Income - Municipal-Municipal - CA,-0.03,-0.18,-0.56,11.5,0.16,13.28,1.22,0.16,-13.57,-12.07,-16.47,-3.08,4.81%,$0.0455,Monthly,February 28
NMAI,XNMAX,Hybrid-Global Allocation,3.32,4.38,4.58,12.04,-0.44,13.64,-1.66,-0.23,-8.77,-14.07,-16.13,-8.77,12.82%,$0.4000,Quarterly,December 31
NMCO,XNMCX,Fixed Income - Municipal-Municipal,0.05,-0.65,-0.97,10.27,0.08,11.39,1.33,0.15,-9.34,-6.42,-14.57,0.73,5.36%,$0.0455,Monthly,October 31
NMI,XNMIX,Fixed Income - Municipal-Municipal,-1.11,-1.36,-1.65,9.04,0.08,9.95,0.51,0.05,-9.49,-4.83,-10.31,1.94,4.55%,$0.0340,Monthly,October 31
NML,XNMLX,Equity-MLP,0.46,0.16,0.54,6.8,0.12,7.81,1.03,0.08,-13.58,-14.55,-18.13,-9.66,10.49%,$0.0584,Monthly,November 30
NMS,XMNSX,Fixed Income - Municipal-Municipal - Single-State,2.05,1.28,-0.20,11.17,0.04,12.77,0.95,0.12,-12.02,-11.36,-17.24,-4.38,4.42%,$0.0410,Monthly,May 31
NMT,XNMTX,Fixed Income - Municipal-Municipal - Single-State,0.37,-0.26,-0.73,10.485,0.11,12.42,1.06,0.13,-15.58,-14.35,-17.94,-10.14,3.59%,$0.0310,Monthly,May 31
NMZ,XNMZX,Fixed Income - Municipal-Municipal,-0.62,-1.27,-1.81,10.05,0.19,11.04,1.66,0.18,-9.21,-5.55,-12.22,-2.30,5.17%,$0.0425,Monthly,October 31
NNY,XNNYX,Fixed Income - Municipal-Municipal - NY,-1.23,-1.60,-1.94,8.29,0.13,9.05,0.56,0.05,-9.33,-6.37,-9.80,-2.96,4.12%,$0.0280,Monthly,February 28
NOM,XNOMX,Fixed Income - Municipal-Municipal - Single-State,0.49,-0.20,-0.82,10.055,0.08,11.79,0.86,0.1,-14.67,-12.80,-17.19,-8.10,3.79%,$0.0315,Monthly,May 31
NPCT,XNPCX,Fixed Income - Taxable-Investment Grade,0.79,1.00,0.83,10.18,0.05,11.85,1.2,0.14,-13.68,-14.68,-17.50,-11.31,9.83%,$0.0830,Monthly,December 31
NPFD,XNPFX,Fixed Income - Taxable-Preferreds,0.45,-0.27,-0.65,16.35,0.04,19.32,0.78,0.15,-14.92,-13.56,-17.44,-7.98,6.88%,$0.0935,Monthly,July 31
NPV,XNPVX,Fixed Income - Municipal-Municipal - Single-State,0.53,-0.07,-0.82,10.72,0.08,12.52,1.38,0.17,-13.85,-10.79,-17.11,-2.78,4.12%,$0.0365,Monthly,May 31
NQP,XNQPX,Fixed Income - Municipal-Municipal - Single-State,1.56,0.70,0.28,11.42,0.09,13.54,1.27,0.17,-15.26,-15.51,-17.74,-12.88,3.44%,$0.0325,Monthly,February 28
NRGX,XNRGX,Hybrid-Global Allocation,1.65,1.94,2.38,20.26,0.2,22.66,1.39,0.31,-11.47,-15.66,-20.03,-10.68,4.34%,$0.2200,Quarterly,June 30
NRK,XNRKX,Fixed Income - Municipal-Municipal - NY,0.07,0.31,-0.25,10.43,0.11,12.17,1.42,0.17,-14.00,-13.74,-16.43,-9.55,4.77%,$0.0410,Monthly,February 28
NRO,XNROX,Equity-Real Estate,2.42,1.24,-0.01,3.29,0.11,3.62,1.69,0.06,-10.17,-10.13,-14.56,-2.25,11.77%,$0.0312,Monthly,October 31
NTG,XNTGX,Equity-MLP,0.16,-0.40,-0.11,34.21,0.63,41.35,2.3,0.93,-17.94,-16.77,-19.77,-13.32,9.17%,$0.7700,Quarterly,November 30
NUV,XNUVX,Fixed Income - Municipal-Municipal,0.29,-0.23,-0.85,8.66,0.02,9.4,0.53,0.05,-7.59,-6.29,-9.54,-2.72,4.03%,$0.0290,Monthly,October 31
NUW,XNUWX,Fixed Income - Municipal-Municipal,-0.40,-0.92,-1.38,13.65,0.08,15.34,0.52,0.08,-11.07,-9.08,-11.96,-5.25,3.76%,$0.0425,Monthly,October 31
NVG,XNVGX,Fixed Income - Municipal-Municipal,1.34,0.97,-0.08,11.88,0.21,13.72,1.4,0.19,-13.75,-13.60,-17.70,-7.00,5.19%,$0.0505,Monthly,October 31
NXC,XNXCX,Fixed Income - Municipal-Municipal - CA,-0.62,-1.18,-1.24,12.78,0.08,13.96,0.58,0.08,-8.50,-3.81,-10.40,7.89,4.30%,$0.0455,Monthly,February 28
NXJ,XNXJX,Fixed Income - Municipal-Municipal - Single-State,0.94,0.96,0.57,11.71,0.05,13.86,1.09,0.15,-14.95,-15.47,-17.23,-13.15,3.55%,$0.0345,Monthly,February 28
NXN,XNXNX,Fixed Income - Municipal-Municipal - NY,-0.37,-0.97,-1.16,11.7539,0.06,12.76,0.71,0.09,-7.73,-5.70,-9.76,-1.67,4.21%,$0.0410,Monthly,February 28
NXP,XNXPX,Fixed Income - Municipal-Municipal,1.92,1.53,1.39,14.73,-0.02,14.65,0.62,0.09,1.30,-0.83,-5.50,2.17,3.95%,$0.0485,Monthly,March 31
NZF,XNZFX,Fixed Income - Municipal-Municipal,0.91,0.68,-0.13,11.84,0.16,13.72,1.03,0.14,-13.99,-13.76,-17.61,-7.32,5.29%,$0.0515,Monthly,October 31
OCCI,OCCI,Fixed Income - Taxable-Senior Loans,0.17,-0.80,-1.04,6.44,-0.05,6.44,-0.77,-0.05,-13.38,-5.00,-23.97,17.10,34.11%,$0.5500,Quarterly,October 31
OIA,XOIAX,Fixed Income - Municipal-Municipal,1.57,1.45,0.84,6.48,0.0,6.36,1.44,0.09,3.35,0.24,-11.15,9.89,6.30%,$0.0340,Monthly,February 28
OPP,XOPPX,Fixed Income - Taxable-High Yield,2.03,1.06,1.07,8.39,-0.05,9.51,1.17,0.11,-11.38,-12.56,-17.59,-5.92,14.52%,$0.1021,Monthly,June 30
OXLC,OXLCX,Fixed Income - Taxable-Senior Loans,-0.33,-0.83,-1.09,4.84,-0.11,4.81,0.42,0.02,3.79,12.41,-5.71,33.10,19.37%,$0.0800,Monthly,March 31
PAI,XPAIX,Fixed Income - Taxable-Investment Grade,1.18,0.93,0.12,12.26,0.26,12.95,1.41,0.18,-7.09,-7.22,-10.50,-3.68,4.75%,$0.0485,Monthly,December 31
PAXS,XPAAX,Fixed Income - Taxable-Multi-Sector,-0.18,-0.70,-0.36,14.1,0.16,14.48,0.91,0.13,-4.39,-3.46,-9.89,1.70,12.87%,$0.1494,Monthly,June 30
PCF,XPCFX,Fixed Income - Taxable-Convertibles,0.51,0.05,-0.32,6.63,0.04,7.38,0.0,0.0,-13.41,-12.61,-17.93,-6.62,11.00%,$0.0604,Monthly,August 31
PCK,XPCKX,Fixed Income - Municipal-Municipal - CA,-0.07,-0.83,-1.00,5.77,0.06,6.72,1.97,0.13,-13.35,-9.10,-16.47,6.66,4.52%,$0.0215,Monthly,December 31
PCM,XPCMX,Fixed Income - Taxable-Limited Duration,-0.27,-0.95,-0.62,8.23,0.2,6.44,0.62,0.04,26.41,32.32,11.38,50.82,11.96%,$0.0800,Monthly,June 30
PCN,XPCNX,Fixed Income - Taxable-Investment Grade,-0.71,-1.29,-1.32,12.48,0.3,11.35,0.8,0.09,7.02,15.26,1.32,29.00,11.08%,$0.1125,Monthly,June 30
PCQ,XPCQX,Fixed Income - Municipal-Municipal - CA,0.08,-0.66,-0.56,9.6,0.14,10.54,1.84,0.19,-8.60,-1.37,-11.97,51.08,4.57%,$0.0360,Monthly,December 31
PDI,XPDIX,Fixed Income - Taxable-Multi-Sector,0.39,-0.35,-0.47,17.9,0.33,16.87,0.66,0.11,3.46,6.61,-4.08,14.91,15.06%,$0.2205,Monthly,June 30
PDO,XPDOX,Fixed Income - Taxable-Global Income,0.32,-0.37,-0.19,12.17,-0.02,12.13,0.92,0.11,-0.33,0.23,-8.33,4.95,12.59%,$0.1279,Monthly,June 30
PDT,XPDTX,Fixed Income - Taxable-Preferreds,-0.02,-0.49,-1.16,10.81,0.12,11.99,0.84,0.1,-10.09,-3.51,-13.92,5.24,9.26%,$0.0825,Monthly,October 31
PEO,XPEOX,Equity-Sector Equity,-0.67,-0.97,-0.39,20.7,0.51,24.83,2.73,0.66,-16.47,-15.98,-18.62,-13.01,20.80%,$1.0500,Quarterly,December 31
PFD,XPFDX,Fixed Income - Taxable-Preferreds,0.59,-0.13,-0.88,10.04,0.12,11.36,1.43,0.16,-11.43,-6.46,-17.20,5.01,6.65%,$0.0550,Monthly,November 30
PFL,XPFLX,Fixed Income - Taxable-Multi-Sector,0.52,-0.14,-0.17,8.32,0.1,7.94,0.89,0.07,3.05,3.48,-4.88,8.31,11.88%,$0.0814,Monthly,June 30
PFN,XPFNX,Fixed Income - Taxable-Multi-Sector,0.32,-0.50,-0.84,7.09,0.06,6.98,0.87,0.06,-0.14,2.36,-7.24,8.47,12.26%,$0.0718,Monthly,June 30
PFO,XPFOX,Fixed Income - Taxable-Preferreds,0.42,-0.41,-1.02,7.99,0.15,9.27,1.42,0.13,-14.22,-10.25,-17.38,-3.18,6.89%,$0.0450,Monthly,November 30
PGP,XPGPX,Hybrid-Global Allocation,-0.48,-0.95,-1.04,7.36,0.25,7.13,1.13,0.08,-1.42,1.49,-5.76,11.04,11.65%,$0.0690,Monthly,June 30
PGZ,XPGZX,Equity-Real Estate,0.61,1.06,1.12,9.35,0.08,10.7,1.23,0.13,-10.56,-13.17,-17.68,-6.93,13.59%,$0.1050,Monthly,October 31
PHD,XPHDX,Fixed Income - Taxable-Senior Loans,1.59,1.92,1.48,9.34,0.09,10.19,0.2,0.02,-9.34,-11.87,-15.72,-7.60,12.00%,$0.0925,Monthly,November 30
PHK,XPHKX,Fixed Income - Taxable-Multi-Sector,0.31,-0.68,-0.75,4.87,0.1,4.56,0.88,0.04,3.10,6.10,-2.35,14.51,12.08%,$0.0480,Monthly,June 30
PHT,XPHTX,Fixed Income - Taxable-High Yield,1.57,2.26,2.55,7.45,-0.01,7.88,0.64,0.05,-7.15,-11.17,-14.80,-4.73,8.85%,$0.0550,Monthly,March 31
PIM,XPIMX,Fixed Income - Taxable-Investment Grade,1.02,0.00,0.26,3.16,0.01,3.46,0.87,0.03,-8.16,-8.52,-11.14,-5.35,8.38%,$0.0220,Monthly,September 30
PMF,XPMFX,Fixed Income - Municipal-Municipal,-0.39,-0.99,-1.33,9.26,0.09,9.63,2.12,0.2,-2.76,1.95,-5.98,13.26,5.50%,$0.0420,Monthly,December 31
PML,XPMLX,Fixed Income - Municipal-Municipal,-0.69,-1.23,-1.90,8.31,0.11,8.93,1.94,0.17,-6.39,0.22,-8.51,5.56,5.78%,$0.0395,Monthly,December 31
PMM,XPMMX,Fixed Income - Municipal-Municipal,1.24,0.78,-0.31,6.13,0.1,6.64,1.84,0.12,-7.52,-5.74,-13.26,12.66,4.74%,$0.0238,Monthly,October 31
PMO,XPMOX,Fixed Income - Municipal-Municipal,-0.01,-0.39,-0.71,10.24,0.15,11.4,1.69,0.19,-9.99,-5.86,-14.20,8.72,4.16%,$0.0350,Monthly,April 30
PMX,XPMQX,Fixed Income - Municipal-Municipal,0.13,-0.65,-1.07,7.5,0.13,8.22,1.99,0.16,-8.56,-3.51,-12.28,13.31,5.37%,$0.0330,Monthly,December 31
PNF,XPNFX,Fixed Income - Municipal-Municipal - NY,1.87,0.39,-0.51,8.22,0.07,8.88,1.6,0.14,-6.75,-3.78,-16.34,9.66,4.93%,$0.0335,Monthly,December 31
PNI,XPNIX,Fixed Income - Municipal-Municipal - NY,1.36,0.24,-0.49,7.45,0.08,8.57,1.78,0.15,-12.47,-11.07,-17.06,-3.73,4.80%,$0.0295,Monthly,December 31
PPT,XPPTX,Fixed Income - Taxable-Global Income,1.68,0.64,0.41,3.61,0.05,3.86,1.05,0.04,-6.56,-7.24,-10.33,-1.90,8.76%,$0.0260,Monthly,July 31
PSF,XPSFX,Fixed Income - Taxable-Preferreds,0.11,0.33,0.47,19.4,0.4,19.84,0.51,0.1,-4.23,-5.50,-12.01,2.60,7.96%,$0.1260,Monthly,December 31
PTA,XPTAX,Fixed Income - Taxable-Preferreds,-0.29,-0.31,0.32,18.36,0.4,19.81,1.43,0.28,-8.04,-8.61,-12.96,-4.22,8.95%,$0.1340,Monthly,October 31
PTY,XPTYX,Fixed Income - Taxable-Investment Grade,-1.32,-1.61,-0.44,13.43,0.11,11.03,0.82,0.09,19.93,22.84,9.28,37.06,10.70%,$0.1188,Monthly,June 30
PYN,XPYNX,Fixed Income - Municipal-Municipal - NY,0.98,-0.36,-0.88,5.96,0.05,6.81,1.79,0.12,-11.66,-8.04,-15.83,3.63,5.04%,$0.0248,Monthly,December 31
PZC,XPZCX,Fixed Income - Municipal-Municipal - CA,-0.45,-1.10,-1.34,7.42,0.13,7.8,1.69,0.13,-4.95,-0.30,-8.20,8.44,4.86%,$0.0295,Monthly,December 31
QQQX,XQQQX,Equity-Covered-Call Funds,0.72,-0.41,-1.12,23.21,-0.32,24.29,-1.54,-0.38,-4.62,1.27,-9.84,10.16,7.14%,$0.4200,Quarterly,December 31
RA,XRAIX,Fixed Income - Taxable-High Yield,1.11,-0.76,-1.42,12.73,0.02,14.77,1.03,0.15,-13.06,3.76,-17.10,16.61,11.14%,$0.1180,Monthly,December 31
RCG,XXRENNX,Hybrid-U.S. Allocation,0.04,0.44,0.01,1.6965,0.03,1.99,1.53,0.03,-15.31,-15.33,-25.11,-5.66,N/A,$0.0035,Data Not Available,December 31
RCS,XRCSX,Fixed Income - Taxable-Investment Grade,1.15,1.43,1.76,6.24,0.25,4.32,0.93,0.04,34.81,24.83,12.79,39.95,10.22%,$0.0510,Monthly,June 30
RFI,XRFIX,Equity-Real Estate,0.36,0.49,-0.45,11.99,0.29,11.73,2.99,0.34,-0.26,1.53,-5.98,12.46,8.21%,$0.0800,Monthly,December 31
RFM,XRFMX,Fixed Income - Municipal-Municipal,0.51,-0.37,-0.07,15.28,0.07,16.88,0.66,0.11,-9.30,-9.16,-14.27,-3.93,7.77%,$0.0985,Monthly,June 30
RFMZ,XRFZX,Fixed Income - Municipal-Municipal,0.19,-0.80,-0.92,13.35,0.09,15.24,-0.26,-0.04,-12.99,-10.87,-17.63,-5.60,7.83%,$0.0865,Monthly,June 30
RGT,XRGTX,Equity-Global Equity,1.52,0.75,0.11,9.54,0.16,11.48,2.5,0.28,-16.25,-16.40,-19.44,-13.00,1.60%,$0.1500,Annually,December 31
RIV,XRIVX,Hybrid-U.S. Allocation,0.01,-0.77,-0.99,11.05,0.03,12.26,0.57,0.07,-10.66,-7.56,-13.43,4.40,13.92%,$0.1278,Monthly,July 31
RLTY,XRLTX,Equity-Real Estate,-0.39,-0.52,-0.42,14.11,0.37,16.09,2.03,0.32,-12.87,-12.15,-15.45,-7.96,9.61%,$0.1100,Monthly,December 31
RMI,XRMIX,Fixed Income - Municipal-Municipal,-0.19,-0.88,-1.29,15.42,0.08,16.98,-0.06,-0.01,-10.54,-5.05,-13.39,4.34,7.62%,$0.0974,Monthly,June 30
RMM,XRMMX,Fixed Income - Municipal-Municipal,-0.23,-0.83,-1.15,14.63,0.05,16.21,0.81,0.13,-9.33,-6.32,-13.15,-0.50,7.50%,$0.0911,Monthly,June 30
RMMZ,XRMZX,Fixed Income - Municipal-Municipal,-0.98,-1.56,-1.34,14.97,0.12,17.09,-0.06,-0.01,-13.57,-9.92,-14.88,-4.76,7.85%,$0.0971,Monthly,June 30
RMT,XOTCX,Equity-U.S. Equity,-0.59,-1.05,-1.06,8.98,0.27,10.19,2.21,0.22,-13.07,-11.86,-13.65,-9.27,10.10%,$0.2200,Quarterly,December 31
RNP,XRNPX,Equity-Real Estate,1.70,1.39,0.09,19.96,0.16,20.31,2.63,0.52,-2.51,-2.85,-9.76,9.81,8.24%,$0.1360,Monthly,December 31
RQI,XRQIX,Equity-Real Estate,-0.16,-0.63,-0.95,12.06,0.33,12.74,3.92,0.48,-7.99,-5.89,-10.21,0.16,8.18%,$0.0800,Monthly,December 31
RSF,XRSFX,Fixed Income - Taxable-High Yield,2.37,1.73,0.70,15.67,-0.08,16.76,0.6,0.1,-6.72,-6.78,-9.64,2.34,10.85%,$0.1424,Monthly,June 30
RVT,XRVTX,Equity-U.S. Equity,0.06,-0.29,-0.61,14.16,0.45,16.17,2.8,0.44,-12.84,-11.68,-14.46,-5.98,8.46%,$0.2900,Quarterly,December 31
SBI,XSBIX,Fixed Income - Municipal-Municipal,0.67,0.40,-0.20,7.69,0.04,8.95,0.45,0.04,-14.59,-14.38,-16.24,-10.63,3.69%,$0.0310,Monthly,December 31
SCD,XSCDX,Hybrid-Global Allocation,0.96,0.94,1.42,13.55,0.16,15.29,2.27,0.34,-11.91,-13.63,-15.91,-10.03,10.13%,$0.1130,Monthly,November 30
SDHY,XSDHX,Fixed Income - Taxable-High Yield,0.09,-0.70,-0.82,14.95,0.09,17.36,0.93,0.16,-13.60,-12.24,-15.05,-8.34,8.72%,$0.1080,Monthly,December 31
SOR,XSORX,Hybrid-U.S. Allocation,0.28,0.77,0.59,40.505,0.03,44.43,0.86,0.38,-8.10,-8.96,-12.86,-4.00,6.17%,$0.2083,Monthly,December 31
SPE,XSPEX,Equity-U.S. Equity,-0.09,-0.49,-0.81,11.71,0.07,13.89,-0.5,-0.07,-17.49,-16.10,-19.97,-10.31,8.94%,$0.0867,Monthly,December 31
SPXX,XSSPX,Equity-Covered-Call Funds,-0.29,-0.94,-1.13,14.87,-0.22,16.13,-1.59,-0.26,-7.93,-2.42,-9.53,11.03,7.79%,$0.2940,Quarterly,December 31
SRV,XSRVX,Equity-MLP,-1.79,-2.26,-0.89,33.29,0.22,37.73,2.0,0.74,-10.60,-3.93,-15.56,11.93,16.33%,$0.4500,Monthly,November 30
STEW,XSTEX,Equity-U.S. Equity,-1.56,-2.07,-1.66,13.78,0.11,17.27,0.29,0.05,-20.62,-18.81,-20.89,-15.88,4.02%,$0.1375,Quarterly,November 30
STK,XSTKX,Equity-Covered-Call Funds,0.39,0.06,0.28,31.4,0.67,29.0,1.58,0.45,7.64,6.74,0.56,13.38,6.02%,$0.2669,Quarterly,December 31
SWZ,XSWZX,Equity-Single-Country Equity,0.51,-0.11,-0.38,7.99,0.02,9.69,2.22,0.21,-15.93,-15.49,-17.85,-12.11,6.47%,$0.1290,Quarterly,December 31
TBLD,XTBLX,Hybrid-Global Allocation,-0.51,-0.94,-1.22,15.29,0.14,17.85,0.79,0.14,-14.51,-13.00,-16.14,-9.88,8.26%,$0.1042,Monthly,September 30
TDF,XTDFX,Equity-Asia Equity,1.50,2.01,1.93,8.23,0.07,9.22,0.77,0.07,-10.82,-14.31,-18.72,-9.20,31.90%,$1.3014,Semi-Annually,December 31
TEAF,XTEAX,Equity-Sector Equity,0.17,-0.38,-0.75,12.02,0.12,14.97,1.08,0.16,-20.46,-19.36,-23.92,-15.61,9.08%,$0.0900,Monthly,November 30
TEI,XTEIX,Fixed Income - Taxable-Emerging Market Income,1.65,0.89,-0.01,5.23,0.13,5.82,2.11,0.12,-10.53,-10.49,-17.23,-1.19,10.87%,$0.0462,Monthly,December 31
THQ,XTHQX,Equity-Sector Equity,0.77,-0.52,-1.13,18.08,0.08,21.17,-0.14,-0.03,-15.09,-12.32,-19.22,-8.88,7.50%,$0.1125,Monthly,September 30
THW,XTHWX,Equity-Sector Equity,0.42,-0.68,-1.34,11.99,0.09,11.98,-0.17,-0.02,-0.83,7.47,-9.56,16.46,11.77%,$0.1167,Monthly,September 30
TPZ,XTPZX,Hybrid-U.S. Allocation,-0.21,-0.39,0.05,13.99,0.24,16.04,1.2,0.19,-14.92,-14.98,-17.49,-11.21,9.16%,$0.1050,Monthly,November 30
TSI,XXCVTXX,Fixed Income - Taxable-Multi-Sector,0.29,0.18,-0.53,4.8299,0.06,5.12,0.0,0.0,-7.62,-6.47,-8.85,-0.60,5.03%,$0.0600,Quarterly,December 31
TTP,XTTPX,Equity-MLP,-0.34,-0.75,-0.71,27.91,0.51,33.77,2.02,0.67,-18.22,-16.20,-19.52,-12.12,8.61%,$0.5900,Quarterly,November 30
TWN,XXTWNXX,Equity-Asia Equity,1.39,0.28,-0.23,34.69,0.31,42.22,-0.05,-0.02,-19.74,-19.22,-31.90,-13.97,1.39%,$0.4365,Annually,August 31
TY,XTYCX,Hybrid-U.S. Allocation,-1.10,-1.19,-1.41,28.18,0.23,32.4,1.09,0.35,-12.79,-11.88,-13.46,-10.51,3.96%,$0.2765,Quarterly,December 31
TYG,XTYGX,Equity-MLP,-1.16,-1.17,-0.84,28.81,0.33,35.29,3.07,1.05,-19.30,-17.73,-20.81,-10.88,9.97%,$0.7100,Quarterly,November 30
USA,XUSAX,Equity-U.S. Equity,-1.91,-1.82,-2.44,6.29,0.03,6.67,0.6,0.04,-5.58,-0.60,-6.32,5.26,9.58%,$0.1500,Quarterly,December 31
UTF,XUTFX,Equity-Sector Equity,0.23,-0.30,-0.49,22.0,0.22,22.86,0.88,0.2,-3.14,-1.93,-7.11,4.14,8.54%,$0.1550,Monthly,December 31
UTG,XUTGX,Equity-Sector Equity,1.39,0.87,0.74,27.6,-0.28,27.11,-1.56,-0.43,1.01,0.30,-3.00,2.85,8.18%,$0.1900,Monthly,October 31
VBF,XVBFX,Fixed Income - Taxable-Investment Grade,-0.08,0.29,-0.40,15.47,0.07,16.37,0.68,0.11,-5.29,-4.34,-8.32,0.81,2.49%,$0.0320,Monthly,February 28
VCV,XVCVX,Fixed Income - Municipal-Municipal - CA,0.96,-0.17,-0.74,9.71,0.13,11.36,1.16,0.13,-14.69,-13.35,-17.07,-8.87,4.13%,$0.0330,Monthly,February 28
VFL,XVFLX,Fixed Income - Municipal-Municipal,0.02,-0.61,-1.15,10.0,0.26,11.97,2.57,0.3,-16.54,-13.44,-18.65,-5.05,4.00%,$0.0325,Monthly,March 31
VGI,XVGIX,Fixed Income - Taxable-Multi-Sector,1.54,1.19,1.02,7.67,0.1,8.56,1.06,0.09,-11.57,-12.15,-16.69,-7.83,12.68%,$0.0800,Monthly,November 30
VGM,XVGMX,Fixed Income - Municipal-Municipal,0.74,0.39,-0.47,9.87,0.22,11.34,1.25,0.14,-13.84,-12.95,-17.07,-7.80,3.98%,$0.0320,Monthly,February 28
VKI,XVKIX,Fixed Income - Municipal-Municipal,1.09,0.28,-0.59,8.46,0.09,9.83,1.34,0.13,-13.71,-12.54,-16.89,-8.33,4.43%,$0.0309,Monthly,February 28
VKQ,XVKQX,Fixed Income - Municipal-Municipal,0.52,-0.11,-0.75,9.49,0.14,11.03,1.29,0.14,-14.14,-12.63,-17.27,-6.60,3.57%,$0.0278,Monthly,February 28
VLT,XVLTX,Fixed Income - Taxable-High Yield,1.59,0.32,0.15,10.39,0.0,11.52,0.7,0.08,-9.18,-9.42,-13.35,-4.63,11.13%,$0.0964,Monthly,February 28
VMO,XVMOX,Fixed Income - Municipal-Municipal,1.10,0.40,-0.41,9.5,0.12,10.99,1.29,0.14,-13.55,-12.73,-17.05,-6.16,4.43%,$0.0346,Monthly,February 28
VPV,XVPVX,Fixed Income - Municipal-Municipal - Single-State,2.36,2.87,1.56,10.03,0.04,11.66,1.04,0.12,-13.43,-14.94,-16.88,-11.93,4.30%,$0.0358,Monthly,February 28
VTN,XVTNX,Fixed Income - Municipal-Municipal - NY,1.61,1.69,0.76,10.42,0.09,12.12,1.51,0.18,-13.48,-14.55,-18.09,-10.99,5.12%,$0.0441,Monthly,February 28
VVR,XVVRX,Fixed Income - Taxable-Senior Loans,1.69,2.29,2.32,4.16,0.06,4.07,-0.73,-0.03,0.00,-5.78,-11.14,0.24,12.59%,$0.0430,Monthly,February 28
WDI,XWDIX,Fixed Income - Taxable-Multi-Sector,1.24,0.95,0.90,14.16,0.23,15.23,0.86,0.13,-9.54,-10.94,-15.06,-7.62,12.06%,$0.1430,Monthly,December 31
WEA,XWEAX,Fixed Income - Taxable-Investment Grade,0.22,-0.05,0.35,10.88,0.19,11.28,1.08,0.12,-4.84,-5.72,-10.61,-0.54,7.86%,$0.0700,Monthly,December 31
WIA,XWIAX,Fixed Income - Taxable-Investment Grade,-1.26,-1.47,-1.51,8.22,0.2,9.38,1.74,0.16,-14.64,-13.21,-15.29,-10.00,7.48%,$0.0500,Monthly,November 30
WIW,XWIWX,Fixed Income - Taxable-Investment Grade,-0.37,-0.67,-0.95,8.77,0.17,10.09,1.82,0.18,-14.93,-13.97,-16.11,-10.89,8.44%,$0.0605,Monthly,November 30
XFLT,XFLTX,Fixed Income - Taxable-Senior Loans,-0.19,0.07,0.37,7.05,-0.01,6.73,-0.74,-0.05,4.13,3.29,-3.88,9.38,14.45%,$0.0850,Monthly,September 30
ZTR,XZTRX,Hybrid-Global Allocation,1.23,-0.46,-1.04,5.55,0.04,6.43,3.04,0.19,-13.94,-10.61,-17.33,-5.81,10.89%,$0.0500,Monthly,November 30
DMA,XDMAX,Hybrid-U.S. Allocation,-0.92,0.34,-0.01,6.17,0.03,11.02,0.64,0.07,-43.93,-43.89,-54.46,-35.68,0.86%,$0.0526,Annually,February 28
CCIF,XCCIFX,Fixed Income - Taxable-Senior Loans,0.42,0.13,0.08,7.73,-0.03,8.42,-1.17,-0.1,-4.45,-4.79,-21.03,2.18,15.37%,$0.0994,Monthly,September 30
FSCO,XFSCX,Fixed Income - Taxable-Multi-Sector,0.53,1.11,1.43,5.8,0.08,7.08,0.0,0.0,-19.21,-26.04,-34.64,-16.10,11.96%,$0.0570,Monthly,December 31
